,dish name,veg_ind,nonveg_ind
,Chicken Tikka Kali Mirch,0,1
,Crispy chicken with basil and bird chili,0,1
,Achari Paneer Tikka,1,0
,Smokey Barbeque Chicken Wings,0,1
,Classic Garden Burger,1,0
,Cottage Cheese Popper with chili and coriander,1,0
,Dahi Kebab,1,0
,Molten Chocolate Cake,1,0
,Virgin Mojito,1,0
,Shaam Savera,1,0
,Dal Mizaz,1,0
,"Basil,Paneer Tikka, Capsicum, Pineapple Pizza",1,0
,Lalla Mussa Dal,1,0
,Daab Chingari,0,1
,Chicken Kasha,0,1
,Mutton Kasha,0,1
,Fish Fry,0,1
,Special Bengali Thali,0,1
,Fish Kalia,0,1
,Bhetki Paturi,0,1
,Luchi,1,0
,Mutton Biriyani,0,1
,Aloo Dum,1,0
,Chicken Cutlet,0,1
,Aloo Posto,1,0
,Sweet Curd,1,0
,Prawn Malai Curry,0,1
,Chital Muitha,0,1
,Julliene,1,0
,Chicken Biriyani,0,1
,Steamed Rice,1,0
,Paratha,1,0
,Fish Thali,0,1
,Masala Dosa,1,0
,Makhani Paneer Masala Dosa,1,0
,Thali,1,0
,Butter Masala Dosa,1,0
,Dahi Vada,1,0
,Plain Uttapam,1,0
,Dal Makhani,1,0
,South Indian Filter Coffee,1,0
,Rava Masala Dosa,1,0
,Murg Mumtaz,0,1
,Dal Makhni,1,0
,Chicken Tikka Masala,0,1
,Chicken Butter,0,1
,Dal Makhani,1,0
,Tomato Paneer(Makhni),1,0
,Butter Naan,1,0
,Saag Mutton,0,1
,Roti,1,0
,Chicken Saag,0,1
,Rogan Josh(Dahi Mutton),0,1
,Rogan Josh(Dahi Mutton),0,1
,Dal Makhani,1,0
,Palak Paneer,1,0
,Shahi Paneer,1,0
,Chicken Curry ,0,1
,Keema Kaleji,0,1
,Malai Kofta,1,0
,Chicken Caesar,0,1
,Ham Toastie,0,1
,Falafel ,1,0
,Chipotle Potato,1,0
,Iced green Tea,1,0
,Chicken Seekh Kebab Pita,0,1
,Khasta kebab,1,0
,Pita and Baba ganoush,1,1
,Pita Sandwich,1,1
,Chicken Tikka ,0,1
,Smoken Chicken Breast,0,1
,chicken tikka pizza,0,1
,murgh mallai tikka ,0,1
,tangra chilli chicken,0,1
,chicken tikka ,0,1
,grilled chicken fajita wrap,0,1
,mutton seekh kebab,0,1
,ajwaini paneer tikka,1,0
,vegetarian caesar salad,1,0
,dal fusion,1,0
,pacific veg thin crust pizza,1,0
,cheesy garlic bread,1,0
,bruschetta,1,0
,deep see food platter,0,1
,vanilla ice,1,0
,cosmopolitan,1,0
,Butter Chicken,0,1
,Dal Makhani,1,0
,Tandoori Chicken,0,1
,Chicken Pakora,0,1
,Garlic Naan,1,0
,Paneer Malai Tikka,1,0
,Shahi Paneer,1,0
,Butter Naan,1,0
,Butter Chicken Tikka,0,1
,chilly chicken pizza,0,1
,mutton burger,0,1
,basket of  garlic bread,1,0
,juicy beef burger,0,1
,club sandwich with bocon,1,0
,peri peri pasta with creamy tomato sauce,1,1
,banofee pie,1,0
,chilli garlic noodles,1,0
,Heisenberg,1,0
,Craft Your Own Pizza,1,0
,Heisenberg Pizza,0,1
,Whole Pizza,1,0
,Smoking Room Pizza,0,1
,Philly Cheese Steak,1,0
,Hot Spot Pizza,1,0
,The Boss Pizza,0,1
,Piggy Bank Pizza,0,1
,Smoking Room Pizza,0,1
,Garlic Bread ,1,0
,Baked New York Cheesecake,1,0
,Roasted Chicken Supreme Pizza,0,1
,Fusilli Peri Peri Pasta,1,1
,Murgh Malai Tikka,0,1
,Club Sandwich,1,1
,Butter Chicken Boneless,0,1
,Honey Chilli Potato,1,0
,Dal Makhni,1,0
,Veggie Supreme Pizza,1,0
,Chilli Chicken Dry,0,1
,Dark Chocolate Mousse,1,0
,Grilled Chicken Burger,0,1
,Classic Chicken Hotdog,0,1
,dal Makhani,1,0
,butter Chicken,0,1
,chur chur naan,1,0
,paneer tikka,1,0
,chicken lababdar,0,1
,hara seekh kebab,1,0
,jalandhari mutton tikka,0,1
,gulukand ice cream,1,0
,Basil Chicken Tikka,0,1
,paneer lababdar,1,0
,tandoori chicken,0,1
,tandoori broccoli,1,0
,gulab jamun,1,0
,murg ka sula,0,1
,Hara seekh kebab,1,0
,phad kraphaw,0,1
,khao niew,1,0
,kai phad med mamuang,0,1
,phad thai noodles,1,0
,khao suay,1,0
,chicken satay,0,1
,stir fried rice noodles,1,0
,phad phak ruam fai daeng,1,0
,bamee kee mao,1,1
,Asparagus and goat cheese salad,1,0
,Sabine Pizza,0,1
,Angel Hair Pasta,1,1
,Caesar's Salad-Our version,1,1
,Harvest Moon Salad,1,0
,Asparagus and goat cheese salad,1,0
,Verde Pizza,1,0
,Grilled fillet of John Dory,0,1
,Mrs K's Dahi Mutton,0,1
,DIVA's Favourite Risotto,1,0
,New York Cheese Cake,1,0
,Dal Balluchi,1,0
,Murgh Potli,0,1
,Malai Kofta Bharawan,1,0
,Paneer Peshawari,1,0
,Afghani Murgh Tandoori,0,1
,moroccan grilled chicken,0,1
,tall and slim thai spring roll,1,0
,addictive garlic bread,1,0
,vada pao slider,1,0
,Finger Lickin Peri Peri Burger,0,1
,Chicken Mexican Burrito,1,0
,Cold Coffee Regular,1,0
,Burrpy Aloo Tikki Burger,1,0
,Cheesy Aloo Tikki Burger,1,0
,Burrpy Aloo Tikki Burger,1,0
,Iced Tea,1,0
,Hummus and Tahini Sandwich,1,0
,Classic Express Hotdog,0,1
,Waffles with Honey,1,0
,The Primetime Burger,0,1
,Pomodoro Pesto,1,0
,Cheesecake,1,0
,Calabrese Pizza,0,1
,Etna Pizza,0,1
,Red Italian Lemon Gelato,1,0
,Apollo,0,1
,American Hottest Pizza,0,1
,Pollo Forza,0,1
,Antipasto Pollo e Gambero,0,1
,Polpette Bolognese,0,1
,Chicken Biryani Dum Ki,0,1
,Veg Biryani,1,0
,Zafrani Mutton Biryani,0,1
,Chicken Rista,0,1
,Labhi Kebab,0,1
,Kursi Miyane,0,1
,Lal Paneer,1,0
,Phirni,1,0
,Chicken 65,0,1
,Zafrani Mutton Biryani,0,1
,Roganjosh,0,1
,Naan/Garlic,1,0
,Rista,0,1
,Paneer Charminar,1,0
,Goshtaba,0,1
,Chicken Shashlik,0,1
,Garlic Bread,1,0
,Veg Sizzler,1,0
,Cream of Chicken,1,0
,Cottage Cheese Steak,1,0
,Prawn Sizzler,0,1
,fried rice,1,0
,chilli chicken,0,1
,shredded lamb,0,1
,american chopsuey,1,0
,kung pao chicken,0,1
,cherry honey chicken,0,1
,butter chilli garlic prawns,0,1
,creamy garlic chicken,0,1
,Dahi ke Kebab,1,0
,Mixed Berry Smoothie,1,0
,Paneer Paprika,1,0
,Green Apple Mojito,1,0
,Penne a la Fungi,1,0
,John Lenon,1,0
,Chilly Chicken,0,1
,Honey Chilly Potatoes,1,0
,khao Suey,1,1
,Hawker Style Fried Rice,1,1
,Crispy Basil Leaf Chicken,0,1
,House Spring Rolls,1,1
,Pad Thai,1,1
,Gaeng Kiew Wan (Thai Green Curry),1,1
,Mocha Ice Cream with Chocolate Fudge,1,0
,Bi-Bim Bap,1,1
,Gaend Ped (Thai Red Curry),1,1
,Sticky Rice,1,0
,Pad Thai,1,1
,Famous House Chicken Satay,0,1
,Basil Leaf Soup,1,1
,Cheesy Mushrooms,1,0
,Tom Yum Soup,1,1
,Paan Kulfi,1,0
,kesar pista,1,0
,pan flavour,1,0
,malai kulfi,1,0
,chocolate kulfi,1,0
,kala jamun,1,0
,butter scotch kulfis,1,0
,kulfi faluda,1,0
,Elma's Cake,1,0
,Jack Daniels Chicken Wings,0,1
,Queens Pizza,1,0
,Caramel Cake,1,0
,The Soho Pizza,0,1
,Fat Lulu's Vegetarian Pizza,1,0
,trio garlic bread,1,0
,Classic Caesar Salad - Tossed Calamari,0,1
,Brooklyn Pizza,1,1
,Texas Pork Belly,0,1
,Spicy Chicken Goujons with Tomato Jam,0,1
,Butter Chicken,0,1
,Chicken Quorma,0,1
,Dal Makhani,1,0
,Railway Chicken Curry,0,1
,Mutton Quorma,0,1
,Dahi ke kebab,1,0
,Tandoori Chicken,0,1
,Nafeesi Chicken Biryani,0,1
,Paneer Makhani,1,0
,Sukha Chicken,0,1
,Chicken Dima Roll,0,1
,Butter Naan,1,0
,Sukha Mutton,0,1
,Tandoori Mushrooms,1,0
,Lahori Dal,1,0
,Ghee Shakkar Roti,1,0
,Pashtuni Chapli Kebab,0,1
,Chicken seekh Gilafi,0,1
,chicken burger,0,1
,lamb burger,0,1
,pulled pork burger,0,1
,veg burger,1,0
,pulled pork melt,1,0
,sinful  chocolate pancakes,1,0
,mexican veg chilly bowl,1,0
,bbq chicken wings,0,1
,mexican lamb chilli bowl & cheese,0,1
,classic  grilled cheese overload,1,0
,classic chicken dog,0,1
,Dessert Buffet,1,0
,Chicken Pizza,0,1
,Butter Chicken,0,1
,Gulab Jamun,1,0
,Egg Benedict,0,1
,lahabdar kebab,1,0
,tabakh maaz,1,0
,marchwangan korma,0,1
,mutton rogan josh,0,1
,goshtaba,0,1
,rista,0,1
,kanti,0,1
,daniwal korma,0,1
,waza kokur,0,1
,chicken yakhni,0,1
,Saffron Keshwa,0,1
,palak paneer,1,0
,fireen,1,0
,Mutton Kanti,0,1
,Affettati & gnocco fritto,0,1
,Pizza Margherita,1,0
,Pasta,1,1
,Zuccotto al cioccolato,1,0
,Minestrone de vendura classico pesto,1,0
,Gelato and sorbetto,1,0
,dal makhani,1,0
,chicken tikka,0,1
,paneer pasanda,1,0
,paneer tikka sunheri,1,0
,murgh makhani,0,1
,Diwan's mutton curry,0,1
,hara bhara kebabs,1,0
,mutton seekh kabab,0,1
,malai kofta,1,0
,murg tikka masala,0,1
,jodhpuri parantha,1,0
,ladjaki momos,1,1
,Thukpa,1,1
,chilly chicken,0,1
,crispy honey chilly potato,1,0
,rhe-chotse,1,1
,rhe-chotse,1,1
,Chicken Dimsums,0,1
,shapta,1,1
,ting momos,0,1
,fried momos,1,1
,Chilly Chicken,0,1
,Chicken Tikkas,0,1
,Bar-B-Que Chicken Wings,0,1
,Chilly Paneer,1,0
,Garlic Bread,1,0
,Honey Chilly Potatoes ,1,0
,Grilled Fish,0,1
,Veg Mezze Platter,1,0
,dahi ke kabab,1,0
,"fusilli white sauce, corn and mushroom",1,0
,falafel pita pockets,1,0
,raan e khas,0,1
,lebanese lamb chops,0,1
,Baby Dragon Chilly Chicken ,0,1
,Kun Chaw Chicken,0,1
,Chicken Tikka Curry,0,1
,Chilli Paneer Dry,1,0
,Veg Fried Rice,1,0
,Veg Chilli Garlic Noodles,1,0
,Kingfisher,1,0
,stuffed garlic bread,1,0
,choco lava cake,1,0
,peppy paneer,1,0
,chicken fiesta,0,1
,Island Club Burger,1,0
,Spicy Chicken Club Burger,0,1
,Ultimate Mutton Club Burger,0,1
,Ultimate Mutton Club Burger,0,1
,The original Veg Club Burger,1,0
,Chicken Club Burger,0,1
,Cookies and Cream shake,1,0
,Chilli Chicken,0,1
,chicken Steak,0,1
,Chinese Bhel,1,0
,Cottage Cheese Streak Sizzler,1,0
,Dal Makhani,1,0
,Red Velvet Shake,1,0
,Kit Kat Shake,1,0
,HSC chiken burger,0,1
,Chilli Paneer,1,0
,Grilled Fish,0,1
,Mushroom Kurmuri,1,0
,Murgh Malai Tikka,0,1
,Dahi Kebab,1,0
,Dal Makhni,1,0
,Butter Chicken Spl,0,1
,Spl Cream Kali Mirch Chicken,0,1
,Dal Makhani,1,0
,Sethi's Fried Chicken,0,1
,Chicken Biryani,0,1
,Paneer Tikka,1,0
,Chicken Malai Tikka,0,1
,Tandoori Chicken ,0,1
,Chilli Chicken,0,1
,Kadai Paneer,1,0
,Peshwari Chicken,0,1
,mutton biryani,0,1
,chicken rezala,0,1
,chicken biryani,0,1
,chicken chaap,0,1
,arsalan,1,0
,afghani chicken,0,1
,tandoorie chicken,0,1
,mutton kosha,0,1
,sweet potato,1,0
,laccha parantha,1,0
,chicken tikkas,0,1
,basil fried rice,1,1
,chicken in butter garlic sauce,0,1
,mongokian fish,0,1
,szechuan chilly chicken dry,0,1
,lemon coriander soup,1,1
,szechuan chilly garlic noodles,1,1
,talumein soup,1,1
,kung pao chicken,0,1
,stuffed chicken shanghai,0,1
,chilli fish,0,1
,Coronation Chicken Salad,0,1
,Cold Coffee,1,0
,Grilled Goat Cheese,1,0
,Double Chocolate Mousse,1,0
,Cheese Platter,1,0
,House Sangria,1,0
,Roasted Garlic Gnocchi,1,0
,Warm Bean Salad,1,0
,crisp garlic bread,1,0
,singapore sling,1,0
,crispy chicken,0,1
,moroccan spiced cottage cheese ,1,0
,crispy chilli potato,1,0
,dirty harry,1,0
,sangria red,1,0
,paaner and bell pepper tikka masala,1,0
,harry 's jazz burger,1,0
,martabaan ka meat,0,1
,palak patta chaat ,1,0
,varqui crab,0,1
,ganderi kebab,0,1
,mirch ka parantha,1,0
,paneer anardana,1,0
,mini olive naan ,1,0
,nadru and anjeer ke kofte,1,0
,tomato and mozarella kulcha,1,0
,martabaan chhole,1,0
,ambedi fish tikka,0,1
,khurmani ke kebab,1,0
,murg sirka pyaz,0,1
,lal moth ki maharani,1,0
,bhatti ka murg,0,1
,Crispy Spinach with fresh red chillies,1,0
,spicy malha fried rice with mix sea food,0,1
,darsaan with vanilla ice cream,1,0
,kung pao diced chicken with cashewnut,0,1
,stir fried spinach with fresh red chillies,1,0
,Garlic Bread,1,0
,Meat lovers Pizza,0,1
,Venus Garden Pizza,0,1
,Pesto Chicken Pizza,0,1
,Meaty Lasagne,0,1
,Greek gods Pizza,1,0
,Wood Fire pizza,1,0
,tomato bruschetta,1,0
,Mushroom Spinach Vol,1,0
,Blueberry Cheesecake,1,0
,Veg. Lasagne,1,0
,Lemon Iced tea,1,0
,High on Shrooms,1,0
,Pizza Tomatina,1,0
,Pesto Sauce Pasta,1,0
,Greek Salad,1,0
,Greek gods Pizza,1,0
,Chaak-Khao,1,0
,Fried Chicken Liver,0,1
,Arsa Chhum,0,1
,Bilahi Masor Tenga,0,1
,Wild Red Rice Tea ,1,0
,Aksa Meh,0,1
,Iromba,1,0
,Pork Spare Ribs,0,1
,Ngatok,0,1
,Dohneiihong,0,1
,Fried Fish,0,1
,Dry River Fish Chutney,0,1
,Bilahi Masor Tenga,0,1
,Jadoh,0,1
,Wahan Mosden ,0,1
,Chaak-Khao,1,0
,dal Makhani,1,0
,shahi paneer,1,0
,aloo naan,1,0
,dhuandhar naan,1,0
,paneer butter masala,1,0
,butter naan,1,0
,paneer tikka,1,0
,Soya Chaap,1,0
,garlic nan most,1,0
,Rabri Parantha,1,0
,Nimbu Parantha,1,0
,Mix Veg Parantha,1,0
,Chilli Parantha,1,0
,Mango Kulfi,1,0
,False Kulfi,1,0
,Paan Kulfi,1,0
,Litchi Kulfi,1,0
,Anar Kulfi,1,0
,Jamun Kulfi,1,0
,Rabri Kulfi,1,0
,Aam Panna Kulfi,1,0
,Sharifa Kulfi,1,0
,Chicken Malai Tikka,0,1
,Pasta White,1,1
,Sheesha,1,0
,dal makhamali,1,0
,Mix Sauce Pasta,1,0
,Cold coffee,1,0
,Chilly Paneer Quesadillas,1,0
,Cheese and corn Ravioli,1,0
,Cheese Quesadilla,1,0
,Garlic Bread,1,0
,Paneer Tikka Pizza,1,0
,Classic Hot Chocolate,1,0
,Iced Coffee,1,0
,Kit Kat Shake,1,0
,Chocolate Fondue,1,0
,Garlic Bread,1,0
,Chicken Momos,0,1
,Chilly Chicken,0,1
,Crispy Potato Honey Chilly,1,0
,Veg Fried Rice,1,0
,Yaki Gyoza Momos,0,1
,Veg Hakka Noodles,1,0
,Manchow Soup,1,1
,Chicken Roll,0,1
,Double Egg Roll,0,1
,Paneer Roll,1,0
,Veggie Roll,1,0
,Double chicken Roll,0,1
,Double Paneer Roll,1,0
,Single Soya Chap Roll,1,0
,Single Chilly Paneer Roll,1,0
,Crispy Butterfly Chicken Burger,0,1
,Captain's Love Burger,0,1
,Piri Piri Lamb Burger,0,1
,Double Cheese Burger,0,1
,Grilled Chicken Escalope,0,1
,Sloppy Joe Burger,0,1
,Macaroni & Tuna Salad,0,1
,Penne Arrabbiata Pasta,1,1
,Mongolian Chicken,0,1
,Clay Pot Rice,1,0
,Chicken chilly,0,1
,Veg Hakka Noodles,1,0
,Kung Pao Chicken,0,1
,Lemon Chicken,0,1
,Schezwan Chicken,0,1
,Fried Rice,1,0
,Fried corn curd,1,0
,Barbeque Jumbo Prawns,0,1
,Shrimp and Smoked Salmon Pizza,0,1
,Molten Chocolate Cake,1,0
,Blueberry Cheese cake,1,0
,Palak and Dahi ke Kebab,1,0
,Beetroot and Goat Cheese Salad,1,0
,Grilled Herb Marinated Chicken,0,1
,Roast Almond and Spinach Ravioli,1,0
,Peri peri burger,0,1
,Zafrani Paneer Tikka,1,0
,Anda Parantha,0,1
,Kobideh Kebab,0,1
,tipu's special korma,0,1
,dahi ke kebab,1,0
,murg makhni,0,1
,sultani galouti,0,1
,keemay ki tangri,0,1
,mysori nihari,0,1
,khamari roti,1,0
,navratan biryani,1,0
,kesari paneer tikka,1,0
,tipu sultan dal,1,0
,garlic dhania naan,1,0
,dawaat-e-biryani,0,1
,gulab ki rabri,1,0
,sultani galouti,0,1
,roomali roti,1,0
,gobhi mussalam,1,0
,mysori nihari,0,1
,murg ki tashtari,0,1
,mutton pasanda,0,1
,keemay ki tangri,0,1
,pudhina pomfret,0,1
,bakarkhani,1,0
,warqui paratha,0,1
,mutton stew ,0,1
,chicken tikka wrap,0,1
,mutton korma lazeez,0,1
,paneer sheeshmahal,1,0
,dal makhani,1,0
,kesari paneer tikka,1,0
,Chicken sui mai,0,1
,Black Pepper Chicken,0,1
,Dim sums,1,1
,Coriander Garlic Noodles,1,1
,Molten Chocolate fresh fruit couli,1,0
,crystal Prawn,0,1
,Burnt Veg Garlic Fried Rice,1,0
,Veg Sushi,1,0
,Virgin Mojito,1,0
,Molten Chocolate fresh fruit couli,1,0
,king fish rava fry,0,1
,prwan peri peri,0,1
,chicken vindaloo,0,1
,chicken xacuti,0,1
,chilly crab,0,1
,viva o' viva fruit cream,1,0
,Lady Fish Rava Fry,0,1
,coconut pancake,1,0
,custard pudding ,1,0
,grilled sea fish,0,1
,mix seafood pulao,0,1
,Dal Bati Churma,1,0
,Marwari Thali,1,0
,Shraman Special Paan Patta Chaat,1,0
,Dum Ki Bani Dal,1,0
,Raaj Kachori,1,0
,Ghewar Malai Mishri,1,0
,Surkh Paneer,1,0
,Kadai Paneer,1,0
,Rajasthani Papad Aur Mangori ki Subzi,1,0
,Jodhpuri Mirch Paneer,1,0
,Gatta Curry,1,0
,Paneer Long Latta,1,0
,North Indian Thali,1,0
,Tamater Dhaniya ka Shorba,1,0
,Dahi ke Sholey,1,0
,Bikaneri Parantha,1,0
,Shahi Tukra,1,0
,Marwari Thali,1,0
,Phirni,1,0
,Subz Dahi Wali Tikki,1,0
,Grilled Teppanyaki,0,1
,Hibachi Basil Miso Fried Rice,1,0
,Hot toffee Pudding,1,0
,Kung Phad XO,0,1
,Thai Green curry,1,0
,xiang jiao shui jing jiao,1,0
,california veggie roll,1,0
,prawn tempura roll,0,1
,philadelphia roll,0,1
,fusion roll box,0,1
,maki box,1,0
, supermix box,0,1
,fresh salmon nigiri,0,1
,spicy tuna roll,0,1
,miso soup,1,0
,smoked salmon nigiri,0,1
,chahan rice ,1,1
,Warm Chocolate Pie,1,0
,Classic Café Latte ,1,0
,Caramel Latte,1,0
,Double Chocolate Latte,1,0
,Garlic Bread,1,0
,cinnamon coffee,1,0
,Ice Blended Mocha,1,0
,chicago  cheese cake,1,0
,today's iced tea,1,0
,red velvet cupcake,1,0
,minibon roll,1,0
,chocobon,1,0
,chocolate cupcake,1,0
,caramel pecanbon,1,0
,blended cold coffee,1,0
, chocolate,1,0
,sweet cream cheese,1,0
,cinnabon  stix,1,0
,espresso,1,0
,Red Velvet Cupcake,1,0
,Minibon Roll,1,0
,Chocobon Bites,1,0
,Chocolate Cupcake,1,0
,Caramel Pecanbon,1,0
,Blended Cold Coffee,1,0
,Minibon Roll,1,0
,Sweet Cream Cheese,1,0
,Cinnabon Stix,1,0
,Café Americano,1,0
,Dal Devarana,1,0
,tomato soup,1,0
,goat cheese pizza,1,1
,wild mushroom soup,1,0
,pomelo salad,1,0
,achari rajma ki khichdi,1,0
,issan style raw papaya salad,1,0
,thin crust veg pizza,1,0
,Veg Biryani,1,0
,Onion Pakodi,1,0
,Veg Thali,1,0
,Chicken Vepudu,0,1
,Mirchi Bhajji,1,0
,Gutti Vankaya(Baigan),1,0
,Chicken Pakodi,0,1
,Mutton Vepudu,0,1
,Paneer Cashew Masala,1,0
,Veg Biryani,1,0
,The Nook Special Veg Kebab Platter,1,0
,Dal Makhani,1,0
,Dahi Kebab,1,0
,Tandoori Shahi Champein,0,1
,Tamatar Dhaniya Shorba,1,0
,Paneer Papdi,1,0
,The Nook Lababdar E Paneer Tikka,1,0
,cheese crusted Garlic Bread,1,0
,La Bomba,0,1
,BST NYC Special,1,0
,Yankee Stadium Pizza,0,1
,NY Style Pizza,0,1
,Jamaican Heights Pizza,1,0
,Fromagi Fromagi,1,0
,Canal Street Pizza,1,0
,the Firecracker Pizza,0,1
,best margarita pizza,1,0
,Dum Biryani,1,1
,Garlic Bread Sticks,1,0
,Mushroom Cappuccino Soup,1,0
,Classic Chicken Steak,0,1
,Healthy Vegetable Pizza,1,0
,Chicken Biryani,0,1
,Grilled Chicken Salad with Bell Pepper,0,1
,Chicken Italiano Pizza,0,1
,Hyderabadi Dum Biryani,1,1
,Chicken Lemon Parsley,0,1
,Baked Broccoli and Toasted Almond Soup,1,0
,Margherita Pizza,1,0
,Romana Pizza,1,1
,Banofee Pie,1,0
,Goat's Cheese Salad,1,1
,Garlic Bread,1,0
,slow braised belgium pork belly,0,1
,molten chocolate cabernet cake,1,0
,mustard crusted sea bass,0,1
,"red velvet cake with cream cheese frosting, balsamic caviar and raspberry sorbet",1,0
,baked antichoke hearts,1,0
,new zealand lamb chop,0,1
,red velvet slice,1,0
,chilli garlic king prawns and calamari,0,1
,tenderlion sandwich,0,1
,Vietnamese Grilled Chicken Skewers,0,1
,Warm Gooey Chocolate Cake,1,0
,"Fresh Rocket, Goat Cheese Salad",1,0
,French Chocolate Caramel Tarte,1,0
,Zanzibar Coastal Masala,0,1
,Banana Nutella Cheesecake,1,0
,Prawns Karwari,0,1
,classic chilly chicken,0,1
,classic honey chilly potato,1,0
,fried rice,1,1
,chilly garlic noodles,1,1
,Olive rice,1,1
,red velvet cake,1,0
,chicken basil noodles,0,1
,crispy lamb,0,1
,hot and sour soup,1,1
,chicken talumein soup,0,1
,stuffed chicken breast,0,1
,chilli chicken,0,1
,Dal Masabba,1,0
,Paneer Tikka Sunhari,1,0
,Murgh Maska Marke,0,1
,Dahi ke kebab,1,0
,Chilli Garlic Fish,0,1
,Italian Smooch,1,0
,Belgian Dark Chocolate Mousse,1,0
,Assorted Veg Kebab Platter,1,0
,Potato Mozrella Fingers,1,0
,Mushroom Duplex,1,0
,Treasury Paneer Kalyani,1,0
,Honey Chilli Potato,1,0
,Mutton Burrah,0,1
,Chicken Korma,0,1
,Hyderabadi Biryani,0,1
,Lucknowi Biryani,0,1
,Afghani chicken,1,0
,Mughlai Parantha,1,0
,Butter Chicken,0,1
,Galawat ke kebab,1,0
,Paneer Tikka Masala,1,0
,Tandoori Chicken,0,1
,Mutton Keema,0,1
,Dal Makhani,1,0
,Rumali Roti,1,0
,Paneer Tikka Masala,1,0
,Butter naan,1,0
,Kadhai Paneer,1,0
,Shami Kebab,0,1
,Dum Handi Biryani,0,1
,Shaadi ka Korma,0,1
,Chicken Biryani,0,1
,Dabang Tikka,1,1
,Murgh Makhani,0,1
,Dal Makhani,1,0
,Mutton Rarra Ghost,0,1
,Garlic Naan,1,0
,Tawa Chicken,0,1
,cream of garlic chicken,0,1
,dal makhni,1,0
,chicken satay,0,1
,dahi ke kebab,1,0
,paneer lababdaar,1,0
,mushroom cheese caps,1,0
,chilly chicken,0,1
,bhatti ka murg,0,1
,Tawa Chicken ,0,1
,Murg Tandoori Lahori,0,1
,Dal Makhani,1,0
,Butter Chicken ,0,1
,Tandoori Veg Momos,1,0
,Honey Potatoes,1,0
,Chilly Chicken,0,1
,Singhching Spl Paneer Lababdar,1,0
,Shahi Paneer,1,0
,Veg. Spring Roll,1,0
,Murg Malai Tikka,0,1
,peri peri pizza,1,0
,margherita rustic pizza,1,0
,ferrero rocher shake,1,0
,green apple mojito,1,0
,grilled chicken with hummus and pita,0,1
,choco nutella waffle,1,0
,nutella bliss pancakes,1,0
, FGC chicken burger,0,1
,regular cold coffee,1,0
,sizzling honey chilli potato,1,0
,draught beer,1,0
,harippa paneer tikka,1,0
,dal mizaz,1,0
, shaam savera,1,0
,harippa paneer tikka,1,0
,kashmiri dum aloo,1,0
,aloo nazakat,1,0
,lemon grass chicken tikka,0,1
,lalla mussa dal,1,0
,dum gosht biryani,0,1
,nizami tarkari biryani,0,1
,lemon coriander clear soup,1,1
,Garlic Bread Plain,1,0
,White Sauce Pasta,1,1
,Chicken Salad,0,1
,Garlic Bread Plain,1,0
,Baked Omelette,0,1
,Fruit Beer,1,0
,Paneer Tikka Sandwich,1,0
,Salad dé Pasta,1,0
,Masala Twist Pasta,1,1
,baked pasta in red sauce,1,1
,Mint Mojito,1,0
,Make Your Own Salad,1,1
,Fresh Lime Soda (Sweet/Salty),1,0
,Dal Makhani Tandoori,1,0
,Melting Manjari Mousse Cake,1,0
,Chicken Tikka Butter Masala,0,1
,Chicken Biryani,0,1
,Chicken Dosa,0,1
,Masala dosa,1,0
,Indian Thali,1,0
,Malabar Pantha,1,0
,Chicken Chettinad,0,1
,Chicken Biryani,0,1
,Appam,1,0
,Tiffin Thali,1,0
,Andhra Mutton,0,1
,Main Thali,1,0
,Filter Coffee,1,0
,Chicken Ishtew,0,1
,Rasam,1,0
,Malabar Fish,0,1
,Mysore Chilli Chicken,0,1
,Lager Beer,1,0
,Weizen Beer,1,0
,Jalapeno Cheese Nugget,1,0
,dal makhani,1,0
,murg makhani,0,1
,paneer butter masala,1,0
,shahi paneer,1,0
,chicken chatkara,0,1
,laccha parantha,1,0
,punjabi chicken curry,0,1
,tandoori chicken meal,1,1
,murg malai tikka,0,1
,rampuri parantha,1,0
,chocolate malpua,1,0
,zafrani malai kofta,1,0
,Chocolate Truffle Cake,1,0
,Mutton Korma Pizza,0,1
,Blueberry Bubble Tea,1,0
,Masala Tea,1,0
,Chicken Tandoori Pizza,0,1
,Ice caf,1,0
,Frozen Choc Gateau,1,0
,TMT Signature Hot Chocolate,1,0
,Hummus Platter,1,1
,Chicken Lasagne,0,1
,Tiramisu ice caf,1,0
,Raspberry Bubble tea,1,0
,panjabi malai tikka,0,1
,punjabi malai tikka,0,1
,dahi kabab,0,1
,chilly chicken,0,1
,veg kabab platter,1,0
,chilli potato,1,0
,garlic bread,1,0
,achari paneer tikka,0,1
,Mr. Chow's Chilli Chicken,0,1
,Chowman's Khow Suey Style,1,1
,Raw Papaya Salad,1,0
,Chinese Fried Rice veg,1,0
,Mr. Chow's Chilli Paneer,1,0
,Crispy Fried Chicken,0,1
,Chinese Fried Rice Chicken,0,1
,Mr. Chow's Hot Noodles,1,1
,Fragrant Thai Red Curry,1,1
,Veg Momos Platter,1,0
,Mr. Chow's Chilli Potatoes,1,0
,Mangolia Chicken Meal,0,1
,Chicken Malai Tikka,0,1
,Butter Chicken,0,1
,Dal Makhani,1,0
,Chicken Shwarma,0,1
,Pink sauce Pasta,1,0
,Garlic Naan,1,0
,Paneer Tikka,1,0
,Hero Burger,1,0
,Tandoori Chicken,0,1
,Grilled Chicken Burger,0,1
,Club Sandwich,1,0
,Garlic Bread,1,0
,Kaathi roll,1,0
,Murg Malai Tikka,0,1
,Butter Naan,1,0
,Chilly Chicken,0,1
,Afgani Chicken,0,1
,dimsums(chicken),0,1
,Soya Malai Chap,1,0
,The Tabula Beach Loaded Nachos,1,0
,Mandarin Honey Chili Chicken,0,1
,Chicken Satay,0,1
,Hakka Noodles,1,1
,Honey Chili Paneer,1,0
,Fried Rice,1,1
,Sweet Corn Soup,1,0
,Butter Chicken,0,1
,Chicken Malai Tikka,0,1
,Chilly Chicken,0,1
,Dal Makhani,1,0
,Afghani Chicken,0,1
,Honey Chilli Potato,1,0
,Chicken Lollypop,0,1
,Fried Rice,1,1
,Chicken Biryani,0,1
,Best Ginger Garlic Fried Rice,1,1
,Dahi ke kebab,1,0
,Kadhai Paneer,1,0
,Orient Fried Rice,1,0
,Cantonese Chilli Chicken,0,1
,Kaus Khao Suey,1,0
,Thai Green Curry,1,1
,Otak Otak,1,0
,Spicy Rice Cakes,1,0
,Kaus Khao Suey,1,0
,Kung Pao Chicken,0,1
,Sticky Rice,1,0
,Asian Chicken Salad,0,1
,Hot & Sour Soup,1,1
,Spicy Basil Miniced Chicken,0,1
,Nasi Goreng,1,0
,butter chicken,0,1
,paneer tikka,1,0
,chicken tikka roll,0,1
,classic chicken burger,0,1
,crème sauce pasta,1,1
,lucknow mutton biryani,0,1
,hyderabadi chicken biryani,0,1
,chilli chicken,0,1
,grilled chicken sandwich,0,1
,afghani chicken,0,1
,alloo parantha,1,0
,chicken tikka ,0,1
,Tandoori Momos,1,1
,Matki Chicken,0,1
,Daal Makhni,1,0
,Butter Chicken ,0,1
,Butter Chicken ,0,1
,Biryani,1,1
,Chilly Chicken Gravy,0,1
,Lemon Chicken,0,1
,Chilly Mushroom Dry,1,0
,Murgh Rarah Punjabi,0,1
,Lemon Chicken,0,1
,chicken sandwich,0,1
,cold coffee,1,0
,cheese omelette,0,1
,cheese sandwich,1,0
,Veg Sandwich in Brown Bread,1,0
,mutton burger,0,1
,la piazza pizza,0,1
,bunet tradizionale piemontese,1,0
, tiramisu aromatizzato all amareto,1,0
,minestrone alla genovese,1,0
,Old  Fashioned  Peking duck,0,1
,"""Kong pao"" chicken, garlic, Chinese vinegar, peanut",0,1
,"Steamed chicken ""siew mai"", Spring onion, Sweet and sour sauce dumplings",0,1
,"Crispy coconut waffle, chocolate ice cream, palm sugar syrup",1,0
,Jasmine Tea Tiramisu,1,0
,The Fatty Bao PB&J,0,1
,Cocoa Caramel,1,0
,Spicy Red Chicken ramen,0,1
,BBQ Chicken Shengjian Bao,0,1
,Salmon Carpaccio,0,1
,Fatty Hill,1,0
,Wild Mushroom and Truffle Oil Dimsum,1,0
,Prawn Tempura,0,1
,The Fatty Oysters,0,1
,Duck Pizza,1,0
,Zen Forest,1,0
,Japanese Cheesecake,1,0
,Char Siu Bao,0,1
,Asparagus Tempura and Cream Cheese,1,0
,Spicy Mushroom,1,0
,Green Mango and Papaya Salad,1,0
,Dal Shamiana,1,0
,Butter Chicken,0,1
,Malai Kofta,1,0
,Paneer Lababdar,1,0
,Chicken Drum Sticks,0,1
,Murgh Afghani,0,1
,Paner Haryali Tikka,1,0
,Crispy Baby Potatoes Chilly Honey,1,0
,Chilli Chicken Dry,0,1
,Shahi Paneer,1,0
,White Forest Pastry,1,0
,chocolate pastry,1,0
,Chilli Potato,1,0
,afgani Chicken,0,1
,Butter Chicken,0,1
,dal Makhani,1,0
,Pineapple Raita,1,0
,Chiken Tikka Masala,0,1
,Kadhai Paneer,1,0
,Butter Naan,1,0
,Paneer Tikka,1,0
,Kadhai chicken,0,1
,Butter Paneer Masala,1,0
,Tandoori Chicken,0,1
,Malai Kofta,1,0
,Garlic naan,1,0
,Mushroom Butter Masala,1,0
,chicken tikka,0,1
,kosha mangsho,0,1
,Riwazi mutton biryani,0,1
,chicken biriyani,0,1
,shorshey bata diye bhetki maach,1,0
, fish tikka,0,1
,daab chingri,0,1
,sorshe ilish ,1,0
,rui maach,0,1
,crème sauce pasta,1,1
,pot pie,1,1
,chilly honey potatoes,1,0
,chilly chicken,0,1
,chocolate trufflees sundae,1,0
,lasagna,1,1
,ferrero rocher shake,1,0
,choco lava cake,1,0
,cheese baked nachos,1,0
,Shahi Paneer,1,0
,Butter Chicken,0,1
,Dal Makhni,1,0
,Chicken Biryani,0,1
,Dahi Kebab,1,0
,Tawa Roti,1,0
,Dal Fry,1,0
,Chicken Korma,0,1
,Mix Vegetable,1,0
,Quickie Combo Veg,1,0
,Dal Makhani,1,0
,Kadhai Paneer,1,0
,dahi ke sholey,1,0
,dry manchurian,1,0
,Honey Chilly Potato,1,0
,Malai Kofta,1,0
,paneer lababdar,1,0
,Garlic Naan,1,0
,Tea/ Masala Chai,1,0
,Nimbu Pani,1,0
,Ice Tea,1,0
,Palak Patta Chaat,1,0
,Bun Kebab,0,1
,Keema Matar,0,1
,Cold Coffee,1,0
,Aloo Tikki,1,0
,Palak Paneer,1,0
,Coffee Walnut Ice Cream,1,0
,Vegetarian Thali,1,0
,Shammi Kebab,0,1
,Paranthas/ Mirchi,1,0
,Tasty Toast/ Cheese,1,0
,Chicken Biryani,0,1
,mutton biryani,0,1
,chicken korma,0,1
,chicken biryani,0,1
,chicken korma,0,1
,sheermal,1,0
,khameeri roti,1,0
,nehari mutton,0,1
,doodh chini roti,1,0
, seekh kabab mutton,0,1
,nehari chicken,0,1
,mutton stew,0,1
,aaloo gosht(mutton),0,1
,chicken tikka,0,1
,Cheeky Chicken Burger,0,1
,White Sauce Pasta,1,1
,Veggie Burger,1,0
,Cheese Mutton quater pounder burger,0,1
,veg fried rice,1,0
,fruit beer,1,0
,tee dee's special chicken,0,1
,thenthuk,1,1
,lemon chicken,0,1
,chicken gyathuk,0,1
,chilly potatoes,1,0
,shabhaley,1,1
,tibetian bread,1,0
,momos,1,1
,double fried pork,0,1
,fruit beer,1,0
,tingmo,1,0
,beef chilly,0,1
,tibetian tea,1,0
,chilly garlic noodles(chicken),0,1
,chicken fried rice,0,1
,pork chilly ,0,1
,Chilli Garlic Noodles,1,0
,Vege Devil Momo,1,0
,Fruit Beer,1,0
,Honey Chilli Potatoes,1,0
,Apple Beer,1,0
,Darsan,1,0
,Tibetan Gyathuk,0,1
,Vege Fried Rice,1,0
,Vege Hakka Noodles,1,0
,Cold Coffee,1,0
,Plain Tingmo,1,0
,Know Suey,1,1
,Chocolate cake,1,0
,Hot Chocolate,1,0
,Blue Berry Cheese Cake,1,0
,Apple Pie,1,0
,Vegetable and Cheese Sandwich,1,0
,Tiramisu,1,0
,Chocolate Walnut Brownie,1,0
,Caffe Latte,1,0
,Peach Iced Tea,1,0
,Ginger Honey Lemon Tea,1,0
,Iced Blended Chocolate Latte,1,0
,Tibetan Cheesecake(Thu),1,0
,Cold Coffee with Ice Cream,1,0
,Lemon Iced Tea,1,0
,Fruit Cake,1,0
,Cheese Omelette,0,1
,Pineapple Upside Down,1,0
,paranthas(starts at),1,0
,lassi(starts at),1,0
,chola bhatura,1,0
,jungli murgh,0,1
,gurwali lassi,1,0
,panjabi malai lassi,1,0
,punjabi thali,1,0
,Spicy Chicken Sandwich,0,1
,Chicken Sandwich,0,1
,Red Sauce Pasta,1,1
,Chilli Chicken,0,1
,Chicken Burger,0,1
,Chilli Potato,1,0
,Veg Spring Roll,1,0
,Garlic Bread ,1,0
,White Sauce Pasta,1,1
,Chilli Paneer Dry,1,0
,Chicken Malai Tikka,0,1
,Butter Chicken,0,1
,Mutton Tikka,0,1
,Chicken Tawa,0,1
,Chicken Malai Tikka,0,1
,Chicken Tandoori,0,1
,Roomali Roti,1,0
,Mutton Burra Chatpata,0,1
,Chicken Tikka Roll,0,1
,Mutton Seekh Kabab,0,1
,Mutton Seekh Roll,0,1
,Chicken Seekh Kabab,0,1
,Chilly Chicken,0,1
,Veg. Haka Chowmein,1,0
,Chicken Fried Rice,0,1
,Chicken Momo,0,1
,Chilly Paneer,1,0
,Hunny Potato,1,0
,Chicken Lemon,0,1
,Veg. Manchurian,1,0
,Veg. Chilly Garlic Chowmein,1,0
,Chicken Chopsuey,0,1
,Eggs Benedict,0,1
,Grilled Mushroom & Cheese Sandwich,1,0
,Icea tea,1,0
,Chicken Shawarma Wrap,0,1
,Fresh Seasonal Juice,1,0
,Roasted vegetables & Pesto Sandwich,1,0
,Chicken Steak,0,1
,Minestrone(Chicken sausage) Soup,0,1
,Hot Chocolate,1,0
,Strawberry Smoothie,1,0
,Chicken Caesar Salad,0,1
,Yogurt Pots,1,0
,Arabiatta Pasta,1,1
,Chicken Roll ,0,1
,Paneer Roll,1,0
,Mushroom Roll,1,0
,Chicken Roll Double,0,1
,Veg Roll,1,0
,Malai Chicken Roll,0,1
,Egg Roll,0,1
,Soya Chap Roll,1,0
,Fried Rice,1,1
,Chilly Garlic Noodles,1,1
,Chicken Momos,0,1
,Chilly Chicken,0,1
,Paneer Chilly,1,0
,Crispy Veg in Chilly Garlic Sauce,1,0
,Chicken Lollipop,0,1
,Veg Noodle bowl,1,0
,Steamed slice fish with chilli garlic sauce,0,1
,Fried rice with seasonal Veg,1,0
,Crispy Fried Chicken,0,1
,Apple Pie,1,0
,Chocolate Roulade,1,0
,Steamed dumpling with minced lamb and herb,0,1
,Chengdu chicken crystal Dumplings,0,1
,Dal Khidmat,1,0
,Murgh Makhanwala,0,1
,Rara Murgh,0,1
,Paneer Lababdaar,1,0
,Rarra Murgh,0,1
,Garlic Naan,1,0
,Badshahi Paneer,1,0
,Tomato Soup,1,0
,Lamb Biryani,0,1
,Gulab Jamun,1,0
,Gilafi Seekh kebab,0,1
,Afghani Murgh kebab,0,1
,dal makhani,1,0
,chicken tikka,0,1
,dahi ke kabab,1,0
,bhutta seekh,1,0
,afgani Chicken,0,1
,malai paneer tikka,1,0
,kadhai paneer,1,0
,Mutton Biryani,0,1
,Lamb of God,0,1
,The Hangover Breakfast,0,1
,Holy Cow Burger,0,1
,WTF Burger,0,1
,Hot Mama Deluxe,0,1
,Illegal Ammo,0,1
,Hot Chocolate with Marshmellow,1,0
,The Full Monty English Breakfast,0,1
,Fat Tony Burger,0,1
,Caeser Salad,0,1
,Garlic Bread with Cheese,1,0
,Come to Daddy,0,1
,Chocolate Oreo,1,0
,The All Meat Lasagne,0,1
,Hollywood,1,0
,Garden Lasagne,1,0
,Cold Coffee,1,0
,Masala,1,0
,Cheese Royale,1,0
,Chilli Chicken,0,1
,Grilled Chicken in Mustard Sauce,0,1
,Veg Mezze Platter,1,0
,Virgin Mojito,1,0
,Pasta Alfredo,1,0
,Beijing Chicken,0,1
,North African Salad,0,1
,Chicken Texas Rodeo,0,1
,Fererro Rocher,1,0
,Virgin Mojito,1,0
,Garlic Bread,1,0
,Pesto Pasta,0,1
,Oreo Shake,1,0
,Strawberry Shake,1,0
,Black Forest Cake Shake,1,0
,Caesar,1,0
,Kit Kat Shake,1,0
,Butterscotch Cake Shake,1,0
,Crispy Honey Potatoes,1,0
,Spinach & Corn,1,0
,Indiano Chicken Tikka,0,1
,Picante Pizza,1,0
,Chilli Chicken,0,1
,Maggi Masala pizza,1,1
,Spring Rolls,1,0
,Chicago Sandwich,0,1
,Flavoured Soda,1,0
,Cold Coffee,1,0
,Veg Burger,1,0
,Mexican Salsa Fries,1,0
,Brownie Shake,1,0
,Hummus with Pita Bread,1,0
,Peppery Paneer Sandwich,1,0
,Baked Nachos,1,0
,Chicken Caccitore,0,1
,Ravioli Pasta,1,0
,Penne Milano Pasta,1,0
,Penne Arabiata Pasta,1,0
,Morrocan Chicken,0,1
,Lemonade,1,0
,Spaghetti aglio olio Pasta,1,0
,Chilli Garlic noodles,1,0
,Fusion Lasagne Ala polo,0,1
,Rosemary Chicken Steak,0,1
,Garlic Bread,1,0
,Antioxidant Blast,1,0
,Classic Lambretta Pasta,1,1
,Head Light Burger,0,1
,Mileage Burger,0,1
,Cafe Fresh Pizza,1,0
,Vegan Wagon Platter,1,0
,Peri Peri chicken steak,1,0
,Cottage Cheese Steak,1,0
,Smoked Chicken Salad,1,0
,Extra mile Burger,0,1
,Engine Oil,0,1
,Spinach and Mushroom Lasagne,1,0
,Chicken Keema Pizza,0,1
,Grilled Lamb Burger,0,1
,Punture Burger,1,1
,Watermelon Salad,1,0
,Meat feast Pizza,0,1
,Carborator Pasta,1,1
,Desi Ride with Kukkad,0,1
,Hummus & Pita Bread,1,0
,Princess Shake,1,0
,Knight Rider,1,0
,Million Dollar Shake,1,0
,Css Nachos,0,1
,Meat ball bearings,0,1
,Dahi ke Kebab ,1,0
,Lahori Masala Paneer,1,0
,Amritsari Chole Bhature,1,0
,Butter Chicken roll,0,1
,Aam ka Panna,1,0
,Veg Kebab Platter,1,0
,Paneer Tikka Pizza,1,0
, Galouti Kebab,0,1
,Gulab Jamun,1,0
,Chicken Biryani,0,1
,Murgh Tandoori,0,1
,Express Thali,1,0
,Garlic Naan,1,0
,Reshmi Seekh Kebab,1,0
,Paneer Makhani,1,0
,Meat Punjabi by Nature,0,1
,Peshawari Kebab,0,1
,Lachedar Paratha,1,0
,Veg Biryani,1,0
,Butter Naan,1,0
,Dal Makhani,1,0
,Pav Bhaji,1,0
,Mango-Lassi,1,0
,Kasturi Kebab,1,0
,Non Veg Platter,0,1
,Amritsari Fish Tikka,0,1
,Murg Punjabi Masala,0,1
,hot chocolate fudge,1,0
,Chicken Tikka Pizza,0,1
,Dal Punjab Grill,1,0
,Tandoori Murgh,0,1
,Dahi ke Kebab ,1,0
,Paneer Lababdar,1,0
,Paneer Tikka Multani,1,0
,Patiala Shahi kadhai paneer,1,0
,Naan,1,0
,Murgh Tikka Punjabi Grill,0,1
,Murgh Malai Tikka,0,1
,Gulab Jamun,1,0
,Dum Ki Biryani Chicken,0,1
,Amritsari Malai Kofta,1,0
,Kadhai Murgh,0,1
,Subzia De Milniya,1,0
,Lahori Seekh,0,1
,Tandoori Roti,1,0
,Salmon Tikka,0,1
,Bharwan Khumb Peshawari,1,0
,Bhatti Da Murgh,0,1
,Murgh Lababdar,0,1
,Dum Ki Biryani,0,1
,Veg Kurkuri,1,0
,Raj Kachori,1,0
,Dhodha Barfi,1,0
,Moong dal ka halwa,1,0
,Pav Bhaji,1,0
,Dal Makhani,1,0
,Chana Bhatura,1,0
,Masala Dosa,1,0
,Rasmalai,1,0
,Gulab Jamun,1,0
,Dil Khush Thali,1,0
,Dahi Bhalla,1,0
,Gajar ka halwa,1,0
,Big Boy Burger,0,1
,nutty buddy,1,0
,American banana split,1,0
,chicken burger,0,1
,cheese capsicum onion pizza,1,0
,hot chocolate fudge,1,0
,plain cheese pizza,1,0
,Mutton sausage pizza,0,1
,Ice Cream sundae,1,0
,Peri Peri chicken ,0,1
,Portuguese lemonade,1,0
,Three bean salad,1,0
,garlic bread,1,0
,feta cheese,1,0
,pita bread,1,0
,espetada chicken,1,0
,Veg burger,1,0
,coleslaw,1,0
,Refresh mint,1,0
,Carrot Cake,1,0
,Chicken butterfly,0,1
,Madeiara Red,1,0
,Morocann Butternut,1,0
,Citrus bliss,1,0
,hummus with peri-peri drizzle,1,0
,Creamy Cheesecake,1,0
,Meal Platter,1,0
,Ice Tea,1,0
,Cataplana Algrave,1,0
,Fresh Lime soda,1,0
,Caramel Cheese Cake,1,0
,Portugese roll with Butter,0,1
,Chicken Wings,0,1
,Roasted Veg and Grilled Paneer,1,0
,Spicy Rice,1,0
,Chicken Tikka ,0,1
,Chilly CHicken,0,1
,Chilly Potato,1,0
,Veg Pasta,1,0
,Panner Tikka,1,0
,Chilli Paneer,1,0
,Dahi ke Kebab ,1,0
,Veg Manchurian,1,0
,Dal Makhani,1,0
,Chicken Lollypop,0,1
,Butter Chicken,0,1
,Tower Draught,1,0
,Spicy Chicken Pizza,0,1
,Italian Smooch,1,0
,Chilly Mushroom,1,0
,Lemon Chicken,0,1
,Italian Classic Pizza,1,0
,afgani Chicken,0,1
,Makkhan Singh,0,1
,jhakass Maska Bhaji Pav,1,0
,Hollywood nitrogen papdi Dhokla Chat,1,0
,Pyar tune Quesadilla,1,0
,Dahi Puchka Shot,1,0
,Bole Toh?,1,0
,Jhakass Maska Bhaji Pav,1,0
,Vegetarian Murgh Tikka,1,0
,Chhamak Challo Salad,1,0
,Kukkad Kamal da,0,1
,Bhiku Mahatre Vada Pav,1,0
,Rajnikant Early Morning Tea,1,0
,Pataka Chicken,0,1
,Chicken e Chameli,0,1
,Rangeela Kaun,1,0
,Naanza,1,1
,Cheese Garlic Bread ,1,0
,Hum Aapke Kaun??,1,0
,Phuljhadi Potato,1,0
,Jalebi Bai,1,0
,Brucelee ki Brocolli,1,0
,KhudKhushi,1,0
,Andaaz apna apna,0,1
,Veg Mezze Platter,1,0
,Pesto Pasta,1,0
,Chocolate Iced Glazed Doughnut,1,0
,red velvet,1,0
,chocolate dream cake,1,0
,double chocolate krunch,1,0
,cappucino,1,0
,original glazed doughnut,0,1
,fussili n mushroom in white sauce,1,0
,grilled chicken salad,0,1
,chicken lasagne,0,1
,piri piri pizza,1,0
,cold coffee,1,0
,triple chicken sampler,0,1
,choko shoko,1,0
,lasagne mushroom & spinach,1,0
,penne arrabiatta,1,0
,baked penne mushroom,1,1
,bruchetta platter,0,1
,lemon ice tea,1,0
,oreo shake,1,0
,The Houston Burger,1,1
,The Original Burger,1,1
,chocolate madness,1,0
,divine delhi burger,0,1
,bacon cheese fries,0,1
,Grilled or Crispy Chicken Club Salad,0,1
,Nacho Maxx Burger,1,1
,Ultimate Veggie Patty,0,0
,cheese fries,1,0
,asian salad,1,1
,route 66,1,1
,greek salad,1,1
,oreo cookies & cream,1,0
,cajun paneer wrap,1,0
,spiced sausages,0,1
,#12 Burger,0,1
,Strawberry Banana Shake,1,0
,nachos supreme,1,0
,black forest ,1,0
,tenderloin burger,0,1
,american fries,1,0
,Spicy Texan Burger,1,1
,chocolate strawberry kiss,1,0
,bacon cheddar single or double,1,1
,chicken club sandwich,0,1
,iced tea,1,0
,crispy chicken slider,0,1
,mediterranean,1,0
,martaban dal makhani,1,0
,dahi ke kebab,1,0
,butter chicken,0,1
,kadhai paneer,1,0
,tandoori paneer tikka,1,0
,veeru ki ghutti,0,0
,tandoori soya chaap,1,0
,dhaba chicken tikka,0,1
,kadhai chicken,0,1
,amritsari kulcha,1,0
,butter naan,1,0
,tawa mutton burra,0,1
,thali veg,1,0
,veg dum biryani,1,0
,aloo gobhi,1,0
,hara bhara kebab,1,0
,smoked chicken pizza,0,1
,alfredo Pasta,1,0
,lime grilled chicken,0,1
,duet of ice cream,1,0
,shisk taouk,0,1
,fish fingers 'our way',0,1
,mediterranean pizza,1,0
,Mezze platter,1,0
,banoffee cheesecake,0,0
,gorgeous greek,1,0
,cream caramel,1,0
,vegetable lasagne,1,0
,garlic toast,1,0
,arrabiata pasta,1,0
,quattro formaggi pizza,1,0
,own burger,1,1
,forked you tenderloin cheese burger,0,1
,pesto olive chicken,0,1
,mozzarella fingers,1,1
,grilled chicken wings,0,1
,new york cheesecake,1,0
,masala fish sticks,0,1
,double cheese burger,1,0
,lamb burger,0,1
,herb chicken breast,0,1
,bbq chicken fingers,0,1
,long island ice tea,1,0
,the great american bbq bacon,0,1
,penne arrabiata,1,1
,pesto pasta,1,1
,veg lasagna,1,0
,onion rings,1,0
,parmesan cheese pasta,1,1
,mojito watermelon,1,0
,chicken lasagna,0,1
,soya patty,0,0
,kaffir lime,1,0
,the original tough guy chicken,0,1
,dunkin hot chocolate,1,0
,the naughty lucy veg,1,1
,iced green tea,1,0
,chocolate frosted,1,0
,Galouti Kebab,0,1
,balti meat,0,1
,highway chicken tikka,0,1
,veg galouti,1,0
,dhaba paneer tikka,1,0
,tawa chicken,0,1
,Dal Dhaba,1,0
,butter naan,1,0
,tandoori roti,1,0
,Tiffin Chicken,0,1
,paneer makhani,1,0
,garlic naan,1,0
,amritsari chole,1,0
,kanastari baingan bharta,1,0
,lachha parantha,1,0
,dhabe ki roti,1,0
,dhaba chilli paneer,1,0
,amritsari fish,0,1
,tawa mutton,0,1
,mutton seekh,0,1
,murg malai tikka,0,1
,kala khatta,1,0
,aam panna,1,0
,lassoni palak,1,0
,rarra gosht,0,1
,somras,1,0
,ruhaani,1,0
,phirni,1,0
,gulab jamun,1,0
,jaljeera,1,0
,brain masala,0,1
,peri peri chicken pizza,0,1
,peri peri veg pizza,1,0
,veg calzone,1,0
,meat lovers pizza,0,1
,traditional margherita,1,0
,barbecue chicken pizza,0,1
,frappe white chocolate,1,0
,veg boscaiola,1,0
,seafood pizza,0,1
, farmer style pizza,1,0
,chicken caesar salad,0,1
,chicken boscaiola,0,1
,mediterranean chicken pizza,0,1
,pesto chicken pizza,0,1
,paneer tikka pizza,1,0
,classic mojito,1,0
,green apple mojito,1,0
,triple dipper,0,1
,molten chocolate cake,1,0
,grilled chicken burger,0,1
,Chicken ranch burger,0,1
,quesadilla explosion salad,1,1
,texas cheese poppers,1,0
,country fried chicken,0,1
,big mouth bites,1,0
,classic vegetarian fajita's,1,0
,chicken wings,0,1
,classic nachos,1,1
,spicy smoked pasta,0,1
,country fried calamari,1,0
,chicken crispers,0,1
,presdente margarita,1,0
,sweet & smoky veggie burger,1,0
,crispy chicken tacos,0,1
,chocolate chip paradise pie,1,0
,oldtimer with cheese,1,0
,spicy smoked pasta,0,1
,roasted red pepper chicken,0,1
,chicken ranch salad,0,1
,southwestern eggrolls,0,1
,grilled tenderlion,0,1
,classic vegetarian fajita's,1,0
,cajun club sandwich,0,1
,brownie sundae,1,0
,shrimp fajita trio,0,1
,orleans jambalaya,0,1
,blackberry moji tea,1,0
,grilled chicken burger,0,1
,classic bacon burger,0,1
,bbq chicken salad,0,1
,country fried chicken,0,1
,chipotle rice fresh mex bowls,1,1
,quesadilla explosion salad,1,0
,honey chilli potatoes,1,0
,indian seafood platter,0,1
,paneer tikka,1,0
,spicy chicken burger,0,1
,dahi ke kebab,1,0
,butter chicken,0,1
,veg handi biryani,1,0
,paneer lababdar,1,0
,dal makhani,1,0
,aloo tikki,1,0
,pav bhaji,1,0
,kulfi,1,0
,raj kachori,1,0
,gol gappa,1,0
,matar kulcha,1,0
,papdi chat,1,0
,dal makhni,1,0
,special thali,1,0
,gulab jamun,1,0
,Red Velvet Cake,1,0
,Truffle Exotique,1,0
,Rainbow Cake,1,0
,Blueberry Cheesecake,1,0
,Chocolate Mousse Cake,1,0
,Apple Pie,1,0
,Walnut Pie,1,0
,Chocolate Boat Pastry,1,0
,belgian Evasion,1,0
,Chocolate Mousse Pastry,1,0
,Coffee Brownie,1,0
,Caramel Nut Pastry,1,0
,Black Forest Pastry,1,0
,Chhole Bhature,1,0
,Raj Kachori,1,0
,Pav Bhaji,1,0
,South Indian Platter,1,0
,Dahi Bhalla,1,0
,Dal Makhani,1,0
,Tandoori Platter,1,0
,Kulfi Falooda,1,0
,Papdi Chaat,1,0
,Lassi Kesaria,1,0
,Rasmalai,1,0
,Delux Thali,1,0
,Kesari Jalebi,1,0
,Pani Puri,1,0
,Chicken Fried Rice,0,1
,Five Spice Chicken,0,1
,Fruit Beer,1,0
,Chilly Chicken,0,1
,Manchow Soup,1,1
,Vegetable Manchurian,1,0
,Veg Spring Roll,1,0
,Singapore Style Noodles,1,1
,Hakka Noodles,1,1
,Chilli Paneer,1,0
,Kung Pao chicken,0,1
,Lemon Coriander Fish,0,1
,Butter Pepper Garlic Noodles,1,1
,Thai Red Curry,1,1
,Mangolian Chicken,0,1
,Shredden Lamb in Garlic/Chilli Bean/Szechuan Sauce,0,1
,Crispy Chilli Potatoes,1,0
,Pan Fried Noodles,1,1
,Juicy Chicken Drumsticks,0,1
,Crispy Chilli Lamb,0,1
,Dimsums- Momos,1,1
,Stir Fried Chicken with Ginger and Wine,0,1
,American Choupsuey,0,1
,Chilly Mayo Crrispy Fried Prawns,0,1
,Chicken Manchurian,0,1
,Veg Chopsuey,1,0
,Hot and Sour Soup,1,1
,Ting Ming Mushrooms,1,0
,Crispy Tangy Button Mushrooms,1,0
,Brown Zebra,1,0
,Tom Kha Soup,1,1
,Tom Yum Soup,1,1
,Creamy Garlic Chicken,0,1
,Szechuan Dimsums,1,1
,Singapore Wok,0,1
,Coconut Puff with Vanilla Icecream,1,0
,Malabar Parantha,1,0
,Florentina Pizza,0,1
,Pesto and Mustard Fish,0,1
,Gardinara Pizza,1,0
,Vanilla Ice cream,1,0
,Fisherman's Pride,1,0
,Kokum Curry,1,1
,Lettuce Parcels,1,1
,Chicken Souvlaki,0,1
,Flaxseed Icecream with Strawberries,1,0
,Crostini Platter,1,0
,Zesty Prawns,0,1
,Vegetable Nut Roast,1,0
,Cous cous,1,0
,Salmon Salad,0,1
,Chocolate Lasagna,1,0
,Peri Peri Chicken with fries,0,1
,Chicken Lovers Pizza,0,1
,Bruschetta,1,0
,Italian Fantasy,1,0
,Insalata Caesar,1,1
,Pizza Senza Pomodoro,1,0
,Ultimate Virgin Sangria,1,0
,Tiramisu,1,0
,Penne all Arrabiata,1,1
,Pollo croccante,0,1
,Pollo alla Parmigiana,0,1
,Margherita Pizza,1,0
,Speziata Con Pollo Pizza,0,1
,Golden Chicken Burger,0,1
,Orange Bloom,1,0
,Creme Brulee trio -chocolate - vanilla- orange,1,0
,Pasta al Pesto,0,1
,Pizza Sandwich,1,0
,Cold coffee,1,0
,Pizza Greca,1,0
,Ravioli di pere e parmigiana con salvia burro and mondorle,1,0
,Pasta Sana,0,1
,Tortelloni di Ricotta e spinachi pavarotti,1,0
,Provenzale Pizza,1,0
,Minty Mango,1,0
,DV ki Khas Dal Makhani,1,0
,Murgh Rara,0,1
,Paneer Tikka Haryali/Aachari,1,0
,Dahi ke Kebab,1,0
,Murgh Afghani,0,1
,Murgh Makhani,0,1
,Malai Kofta,1,0
,Jal jeera,1,0
,Tandoori Roti,1,0
,Chur Chur Parantha,1,0
,Aam e Khas,1,0
,Baigan ka Bharta,1,0
,Rara Meat ,0,1
,Amritsari Machhi Tikka,0,1
,Makhani Naan,1,0
,Paneer Tikka Masala,1,0
,Gobhi Rogan josh,1,0
,Murgh Malai Kebab,0,1
,Pineapple Raita,1,0
,Biryani,1,1
,Bharawan Tandoori Tangari,0,1
,Mutton Rogan Josh,0,1
,Mint Lachcha Parantha,1,0
,Paneer Roganjosh,1,0
,Lehsuni Naan,1,0
,Chaap Do Pyaza,1,0
,Rumali Roti,1,0
,Tandoori Murgh,0,1
,Murgh Tikka Lasuhni,0,1
,Vegetable Biryani,1,0
,Shakahari Kebab Platter,1,0
,Nimbu Paani sweet/salt,1,0
,Kali mirch Tikka,0,1
,Red Velvet Cupcake,1,0
,Chocolate Truffle,1,0
,Garlic Bread,1,0
,El Posto Special Pizza,1,0
,Italian Smooch,1,0
,Banoffie Pie,1,0
,Mexican Veggie Delight Pizza,1,0
,Mint Mango Margarita,1,0
,Cheese Poppers,1,0
,Bruschetta Con Funghi,1,0
,Paneer Paprika Pizza,1,0
,Veg Quesadila,1,0
,Veg Crispy Patty Taco,1,0
,Tiramisu,1,0
,Lasagne Italiano,1,0
,Crispy Corn Kernels,1,0
,Veg Dimsums,1,0
,Veg Fried Rice Basil,1,0
,Nachos with Kidney Beans and Cheese,1,0
,Black Forest Pastry,1,0
,Red Velvet Cake,1,0
,Moist Chocolate Cake,1,0
,Coffee Walnut Cake,1,0
,New York Style Cheese Cake ,1,0
,Elma Hot Chocolate,1,0
,Carrot Cake,1,0
,simply Grilled Chicken Sandwich,1,0
,Hot Apple Pie,1,0
,Full English Breakfast,0,1
,Berry Fudge,1,0
,High Tea,1,0
,Victoria Sponge Cake,1,0
,Rainbow Cake,1,0
,Caramel cake,1,0
,Red Velvet Cheese cake,1,0
,French Press Coffee,1,0
,Cold coffee,1,0
,American Breakfast,1,0
,Penne Wild Mushroom,1,0
,Sponge Cake,1,0
,Iced Tea,1,0
,Apple Crumble Cheese Cake,1,0
,chicken tikka masala,1,0
,Mishti Doi,1,0
,Parle G Cheesecake,1,0
,Galouti Burger,1,0
,Chilly Duck Samosa,1,0
,Dal Chawal Arancini,1,0
,Phirni Oxide,1,0
,Butter Chicken Bun,1,0
,Candy Floss,1,0
,Vada Pav Farzified,1,0
,Hajmola Candy,1,0
,Mini Raj Kachori,1,0
,Ratatouille Bhaji Pav,1,0
,Malabar Parantha,1,0
,Chilli Potato Samosa,1,0
,Chicken 65 Lollipop,1,0
,Sarson ki Galawat,1,0
,Amritsari Fish and Chips,1,0
,Prawn Chettinad,1,0
,Rasmalai Tres Leches,1,0
,Karela Calamari,1,0
,Litchi Panna,1,0
,rice noodle chicken biryani,0,1
,Tempura Fried Prawns,1,0
,Margherita Kulcha,1,0
,Tomato Soup,1,0
,Chorizo Pulao,1,0
,dark chocolate fruit tart,1,0
,Nasik Oranges and Kafir Lime Aire,1,0
,farzi paan,1,0
,chicken tikka tart,1,0
,pan gujiya,1,0
,tandoori paneer tikka,1,0
,Posh Maggi,1,0
,Chilli Pork Ribs,1,0
,Tandoori Guchhi Risotto,1,0
,kiwi blast,1,0
,rabri,1,0
,Palak Paneer Quesadillas,1,0
,crispy okra salad,1,0
,rajasthani kadhi,1,0
,bombay bhel,1,0
,orange juice,1,0
,tandoori wild mushrooms,1,0
,paneer khurchan tart,1,0
,red velvet martini,1,0
,fried rice,1,0
,mutton boti tacos,1,0
,roohafza creme brule,1,0
,bloody mary kulchas,1,0
,chicken tikka khurchan,1,0
,kashmiri rista reduction,1,0
,The Houston Burger,1,1
,Chocolate Madness Shake,1,0
,Nacho Maxx Burger,1,1
,Bacon Cheese Fries,0,1
,The Original Burger,1,1
,Philly Cheese Steaks,1,1
,Smoke House Burger,1,1
,Strawberry Oreo Crumble Shake,1,0
,Chicken Chili Bowl,0,1
,Bacon Cheddar Burger ,1,1
,Apple Pie,1,0
,Route 66,1,1
,Ultimate Veggie Patty,1,0
,Garden Salad,1,0
,Rocket Single Burger,1,1
,Chocolate Peanut Butter Shake,1,0
,Cajun Paneer Wrap,1,0
,Mocha Fudge Shake,1,0
,Kit Kat Shake ,1,0
,crispy chicken slider,0,1
,Chocolate Strawberry Kiss Shake,1,0
,Spicy Texan Burger,1,1
,The perfect Brownie Sundae,1,0
,Rocket Wings,0,1
,Strawberry Banana Shake,1,0
,Onion Rings ,1,0
,Soda Pop,1,0
,Mozzarella Sticks,1,0
,Iced Tea,1,0
,Hot Chocolate,1,0
,Paan Ice Cream,1,0
,Chicken Tikka Masala,0,1
,7 Course Buffet,1,1
,Gulab Jamun,1,0
,Raj Kachori,1,0
,Aam Panna,1,0
,Dal Makhni,1,0
,Papri Chaat,1,0
,Mutton Burrah,0,1
,Tawa Fish,0,1
,Virgin Mojito,1,0
,Chicken Manchow Soup,0,1
,Paneer Tikka,1,0
,Aloo Corn Tikki,1,0
,Butter Chicken,0,1
,Moong Dal Halwa,1,0
,Sliced Fish in Chilli Bean Sauce,0,1
,Shahi Galouti ke Kebab,0,1
,Chicken Biryani,0,1
,Amritsari Fish Fry,0,1
,Gajar Ka Halwa,1,0
,Dimsums,1,1
,Mutton Rogan Josh,0,1
,Masaledar Machli ka Tikka,1,0
,Murg Malai Tikka,0,1
,Mutton Rara,0,1
,Bhindi Masala,1,0
,Vegetarian Mezze Platter,1,0
,"Spinach & Cheese Stuffed Chicken Breast in White Wine, Tomato & Mushroom Sauce Served with Garlic Herb Rice",0,1
,Homemade Fig Ice Cream,1,0
,Chocolate Mousse,1,0
,Almond Bread Pudding with Warm Toffee Sauce & Fig Ice Cream,1,0
,Garlic Bread,1,0
,"Farm Vegetables Lasagna with Mozzarella, Cheddar & Parmesan Cheese",1,0
,"Tenderloin Steak Marinated with Garlic & Green Pepper Served with Caramelized Onion, Cracked Potato and Red Wine Jus ",0,1
,Penne Pasta,1,1
,Banofee Pie,1,0
,Fresh Cottage Cheese Marinated in Pickling Spices & Yellow Chilli,1,0
,"Mince Mutton Kebabs with Mace, Cinnamon & Cloves with Apricot Sauce and Mustard",0,1
,"Greek Style Salad with Fresh Cucumber, Bell Peppers, Olives & Feta Cheese",1,0
,"Vegetarian Paella with Saffron, Red Pepper, Sweet Peas, Tomato & Olive Oil",1,0
,"Braised Baby Muton Shoulder, Rosemary Jus with Eggplant & Pepper Ratatouille",0,1
,"Assorted Seafood Paella of Calamari, Prawns & Fish with Tomato, Saffron, Lime & White Wine",0,1
,House Pumpkin Ravioli in Burnt Butter & Sage or House Basil Pesto,1,0
,Virgin Apple Mojito,1,0
,Sangria White,1,0
,"Raw Papaya, Runner Beans, Shallots & Coriander Leaf with Cracked Peanuts & Burnt Chili",1,0
,Assorted Wild Mushroom & Fresh Thyme Risotto ,1,0
,Homemade Chicken Liver Pate,0,1
,Peri-Peri Tossed Chicken,0,1
,Bbq Mushroom Pizza,1,0
,Teekha Chicken Tikka,0,1
,Dahi ke Kebab,1,0
,Pesto Cream Pasta,1,0
,Soy Chili Paneer,1,0
,Keema Pao,0,1
,Masala Chili Chesse Fries,1,0
,White Sangria,1,0
,Arancini Balls ,1,0
,Chili Garlic Noodles,1,1
,Baby Aloo Chatpata,1,0
,Cottage Cheese Peri-Peri Pizza,1,0
,Lod Club Sandwich,1,1
,Mushroom Crostini,1,0
,Bhatti Paneer,1,0
,Kingfisher Draught Beer,1,0
,Dal Makhni,1,0
,Hot Basil Chicken Cups,0,1
,Sticky Fried Rice,1,1
,Fried Rice,1,1
,Stir Fried Chicken with Thai Flavours and Thai Spices,0,1
,"Homemade ""American Style"" Chunky Caramel Sponge Cake",1,0
,Thai Red Curry,1,1
,Hakka Noodles,1,1
,Grilled Fish with South East Asian Dressing,0,1
,Pan Fried Noodles,1,1
,Hawker's Noodles (Pad Thai),1,1
,Thai Green Curry,1,1
,Chiang Mai Train Station Noodles,1,1
,Street Chicken Satay with Peanut Sauce,0,1
,Rock Shrimp Tempura,0,1
,Crispy Chilli Potato,1,0
,Tom Yum Soup,1,1
,Mixed Vegetable Tempura,1,0
,Thai Chicken and Water Chestnut Salad,0,1
,Classic Chicken Wings,0,1
,Soggy Thai Basil Fried Rice,1,1
,Bite Size Corn Fritter Balls,1,0
,Spicy Fried Calamari,0,1
,Som Tam Salad,1,0
,Honey Chicken with Bell Peppers+ Mild Schezwan Pepper,0,1
,Mamagoto Goreng,0,1
,Water Chestnut Springroll,1,0
,Traditional Crispy Lamb with Spring Onion and Bell Peppers,0,1
,Virgin Mojito,1,0
,Fried Spinach and Tofu in Miso Sauce,1,0
,kiwi and mint collins,1,0
,Lamb Sticky Rice,0,1
,Banoffee Pie,1,0
,homemade coconut and palm sugar ice cream,1,0
,Prawn Tempura,0,1
,Murgh Makhni,0,1
,Murgh Tikka Punjab Grill,0,1
,Patiala Shahi kadhai paneer,1,0
,Paneer Lababdar,1,0
,Dahi ke Kebab,1,0
,Paneer Tikka Multani,1,0
,Lunch Buffet,1,1
,Dum Ki Biryani,0,1
,tandoori guchchi,1,0
,Dum Ki Biryani/ Chicken,0,1
,Khaam Khatai (Mutton Galouti),0,1
,Murgh Malai Tikka,0,1
,Dum Ki Biryani/ Mutton,0,1
,Bhatti Da Murgh,0,1
,Salmon Tikka,0,1
,Lehsuni Naan,1,0
,Rawalpindi Channa,1,0
,Murgh Lababdar,0,1
,Paneer Makhni,1,0
,Raunaqeen Seekhan,0,1
,Dal Punjab Grill,1,0
,Gulab Jamun,1,0
,Ajwaini Fish Tikka,0,1
,Fish Amritsari,0,1
,Raita,1,0
,Amritsari Malai Kofta,1,0
,Creamy Mushroom Chicken Steak,0,1
,Peri Peri Chicken Pizza,0,1
,Bomb Burger,1,0
,Grilled Chicken Burger,0,1
,Litti Chokha,1,0
,Pakora Basket,1,0
,Khada Masala Chicken,0,1
,Keema Goli,0,1
,Golmirch Chicken,0,1
,Mutton Chaamp,0,1
,Apple Cinnamon Iced Tea,1,0
,Masala Chai,1,0
,Bihari Burger,0,1
,Mirch Masala Lemonade,1,0
,Aam Panna,1,0
,Khada Masala Mutton,0,1
,Litti Chicken/ Mutton,0,1
,Maithili Thali,1,0
,Aloo Lalu chop,1,0
,Champaran Style Mutton,0,1
,Madhubani Thali,1,0
,Chicken Ishtew,0,1
,Dehati Fish n Chips,0,1
,Keema Maggi,0,1
,Phataka French Fries,1,1
,Phish Phingers,0,1
,Dhamaka Maggi,1,0
,Cold Coffee,1,0
,Dana Jhamarua Thali,1,0
,Sattu Cooler,1,0
,Sarso Machhli Steamed,0,1
,Iced tea,1,0
,Ranchi ka Pulao,1,0
,Saboodana Basket,1,0
,Apple Lemonade,1,0
,Machhli Goli,0,1
,Jhinga Machhli,0,1
,Dalpitti,1,0
,Keema Aloo Chop,0,1
,Pudina Chicken Pulao,0,1
,Chocolate Oreo Shake,1,0
,Baggia Basket,1,0
,Sizzling PeriPeri Chicken,0,1
,Tandoori Hara Paneer Tikka,1,0
,Cheesy Spring Rolls,1,1
,Butter Chicken Pizza,0,1
,Spicy Peri Peri Pasta,1,1
,Dahi ke Kebab,1,0
,Fiery Red Chili chicken,0,1
,Fiery Red Chili Cottage Cheese,1,0
,Murg Malai Tikka,0,1
,Chicken Satay,0,1
,Mint and Lemon Chicken,0,1
,Grilled Chicken Breast with Mushroom and Peppercorn Sauce,0,1
,Chocolate Cake,1,0
,Four Cheese pizza,1,0
,Smoked Cheese Balls,1,0
,Chicken Wings,0,1
,Long Island Iced Tea,1,0
,Arrabiata Penne,1,1
,Sangria Red/White,1,0
,BBQ Chicken Strips,0,1
,Watermelon and Kaffir Lemonade,1,0
,Blueberry Cheesecake,1,0
,Dal Makhni,1,0
,Malabar Parantha,1,0
,Nachos and Salsa Platter,1,1
,The Herbivores Delight Pizza,1,0
,BBQ Onion Rings,1,0
,Mushroom Kurkure,1,0
,Garlic Bread,1,0
,Hummus Pita,1,0
,Homemade Ginger Ale,1,0
,Crispy Chili Potato Honey and Sesame,1,0
, green apple and vanilla smoothie,1,0
,Grilled Fish with Lemon Caper Sauce,0,1
,Chocolate and Hazlenut Shake,1,0
,Wild Mushroom Bruschetta,1,0
,tandoori soya chaap garam masala,1,0
,Tenderloin Steak with Soya Vegetables,0,1
,Veg/ Chicken Pad Thai,1,1
,The Crispy Platter,1,1
,hot and sweet cottage cheese fingers,1,0
,Basic Margarita,1,0
,Chocolate Brownie,1,0
,Tiramisu,1,0
,Chicken Sharwama,0,1
,Veg Salt and Pepper,1,0
,Mushroom Galauti Kabab,1,0
,Corn and Cheese Samosets,1,0
,caesar salad,1,1
,Dal Makhni,1,0
,Dahi ke Sholey,1,0
,Murg Malai Tikka,0,1
,Malai Kofta,1,0
,Murg Lahsuni Tikka,0,1
,Murg Makhani,0,1
,Ultimate Mutton Burger,0,1
,Ghosht Chilli Burger,0,1
,Spicy Aloo Crunch Burger,1,0
,Greek Falafel Burger,1,0
,Baconator Burger,0,1
,Chilli Cheese Burger,1,0
,Watermelon Cooler,1,0
,Cheesy Mushroom Burger,1,0
,Greek Mutton Burger,0,1
,Vanilla Cola,1,0
,Cherry Cola,1,0
,Cheese Fries,0,1
,BBQ Bacon Club Burger,1,0
,Cold Coffee,1,0
,Paneer Salsa Burger,1,0
,Ultimate Paneer Burger,1,0
,Spinach N' Corn Burger,1,0
,Jr. Chicken Burger,0,1
,Chicken Ranch Salad Burger,0,1
,Banana and Caramel Frosty,1,0
,Lychee Delight,1,0
,smokey chipotle,1,0
,Cucumber Fizz,1,0
,americano,1,0
,Red Velvet,1,0
,Tripple Decker,1,0
,Nutella Cheesecake,1,0
,Tiramisu,1,0
,Chocolate Truffle Royale,1,0
,Banofee Pie,1,0
,Fresh Fruit Gateaux,1,0
,Blueberry Cheesecake,1,0
,Strawberry Seduction,1,0
,Oreo Crunch,1,0
,Apple Pie,1,0
,belgian chocolate,1,0
,Kahlua Mousse,1,0
,lemon vanilla,1,0
,mint choc chip,1,0
,NewYork Cheesecake,1,0
,Hummus Fatte,1,0
,Chicken Shawarma,0,1
,Cheese Manhouse,1,0
,Strawberry Lemonade,1,0
,Cheese Pizza,1,0
,Falafel Roll,1,0
,Fattoush Salad,1,0
,Mulberry Juice,1,0
,Lamb Manoushe,1,0
,Mezze Platter,1,0
,baked halawa cheese cake,1,0
,Watermelon Passion Fruit Juice,1,0
,Shish Taouk roll,1,0
,Spicy Falafel,1,0
,Turkish Coffee,1,0
,Hand pressed Mint Lemonade,1,0
,Grilled Chicken Taouk ,0,1
,Provencale Chicken Wings,0,1
,Grilled Lamb Kebab Platter,0,1
,Chocolate Banana Manoushe,1,0
,Lebanese Potato Pie,1,0
,Watermelon Juice,1,0
,Grilled Chicken Kebab,1,0
,Batata Harra,1,0
,New york Cheesecake,0,1
,Chocolate Truffle Royale,1,0
,Red Velvet,1,0
,Blueberry Cheesecake,1,0
,Nutella Cheesecake,1,0
,Tripple Decker,1,0
,Chicken Salt & Pinl Peeper,1,0
,Crunchy Chilly Chicken,1,0
,Veg Mezze Platter,1,0
,Veg Sampler,1,0
,Chicken Sui Mai Dimsums,1,0
,Chilly Potato,1,0
,General Tso's Dumplings,0,1
,Khao Suey,1,0
,Thai Green Curry,1,0
,Chilli Fish,1,0
,Grilled Prawn with garlic Bread,1,0
,Green Apple Iced Tea,1,0
,Divine Chocolate Cake,1,0
,Garlic Bread,1,0
,Blueberry Cheesecake,1,0
,Peri peri chicken pizza,0,1
,Virgin Sangria,1,0
,Ferrero Rocher shake,1,0
,Penne alfredo,1,0
,Honey Chilly Potato,1,0
,Hot Chocolate,1,0
,Cheese Baked Nachos,1,0
,Veggie Attack Pizza,1,0
,Dark Lord,1,0
,Red Velvet cake,1,0
,Chicken peri peri with Cajun rice,1,0
,Garlic Bread,1,0
,THC Pao Bhaji,1,0
,Virgin Mojito,1,0
,Crispy Chicken,1,0
,Oreo Original Shake,0,1
,Peach Mocitini,1,0
,Mezze Platter,1,0
,Chicken Shawarma platter,1,0
,Mexican Pizza,0,1
,Baked Veggie Lasagna,1,0
,Chicken Wings,0,1
,Penne Arrabiata,1,0
,Four season Pizza,0,1
,Fruit Beer,1,0
,Mexican Salad,1,0
,Chilly Garlic Noodles,0,1
,Penne Vodka Pasta,1,0
,Hudson Veg Club Sandwich,1,0
,Pad Thai noodle,1,0
,Lemon Ice Tea,1,0
,Pork Vindaloo with pao,1,0
,Berry Delight,1,0
,Chinese Bhel,1,0
,Cold coffee,1,0
,Kamakze Spritzer,1,0
,Carabian Delight,0,1
,Chicken Stroganoff,0,1
,Juicy Lucy Burger,1,0
,Chilly Cheese Quesidilla,1,0
,Chicken Caesar Salad,0,1
,Chilly Paneer,1,0
,Belgian Waffles,0,1
,Chicken and Mushroom Burger,1,0
,Chicken Pot Piie,1,0
,Sunrise Skillet,0,1
,French Toast,1,0
,Chilli Hot Dog,1,0
,Peanut Butter Chicken Sandwich,0,1
,Spicy Cheese Toast,0,1
,Classic Double Decker Burger,0,1
,Baked Hash and Corn,1,0
,Veg Sampler,1,0
,Fresh Juice,0,1
,the ultimate omelette,0,1
,Fresh Juice,0,1
,Grilled Chicken Breast,0,1
,Brownie Blast,0,1
,Watermelon Juice,1,0
,Chilli Bean Burger,1,0
,Chocolate Chips Pancake,0,1
,Route 66 Chicken Burger,1,0
,Belgian Waffle Combo,1,0
,Waffle Sandwich,0,1
,Chicken Melt Sandwich,1,0
,BBQ Chicken ,1,0
,Lamb Burger,0,1
,Run & Rasin Cheese Cake,1,0
,Penne Pasta in Pesto Sauce,1,0
,Banana Split,0,1
,Garlic Bread,1,0
,Fish Fry,0,1
,Cream of Mushroom,1,0
,The Classic Hot Dog,0,1
,Lime Pie,0,1
,Surf N Turf,0,1
,Cheese Burger,1,0
,Mocha Creme Caramel,1,0
,Mozarella Sticks,1,0
,Southwest Cilantro & Chicken Omelette,1,0
,Fresh Fruit Salad,1,0
,Run & Rasin Cheese Cake,1,0
,Cheese Hot Dog,0,1
,Peepered Longhorn,1,0
,Plerre French Toast Combo,1,0
,Rockin Waffle Sundae,0,1
,Chilli Hot Dog,0,1
,Veg Steak,0,1
,Veg Pot Pie,0,1
,Pork Sausages,0,1
,Buffalo Chicken Wings,0,1
,Affagato,0,1
,Creamy Mushroom Stuffed Omelete,1,0
,Caesar Salad,1,0
,Cheddar Crust Apple Pie,0,1
,Fish Fry,0,1
,Mexican Chicken Burger,0,1
,Blueberry cake,0,1
,Rocky road,0,1
,Fresh Fruit Cake,0,1
,Red Velvet Cake,1,0
,Brownie A-la mode cake,1,0
,Baked Cheese Cake,0,1
,Chicken Pasta,0,1
,Oreo Cookie Shake,1,0
,Banoffe Pie,0,1
,Macho Nacho,1,0
,Vanilla Frapachino,1,0
,Cheese Fondue,1,0
,Strawberry Seduction,1,0
,Apple Pie,1,0
,Berry Pulao,0,1
,Vada Pav,1,0
,Bohri Keema Pav,1,0
,Sali Chicken,1,0
,Irani Special Chai,1,0
,Chicken Farcha,1,0
,Raspberry soda,1,0
,Kolmi Fry,0,1
,Sekanje Bin,1,0
,Dhansak Mutton,1,0
,Chicken Berry Pulao,1,0
,Pheteli Coffee,1,0
,Chicken Baida Roti,1,0
,Masala Pepsi,1,0
,mawa cake,1,0
,tareli macchi,1,0
,aloo aunty's vegetable cutlet,1,0
,apple pie with custard,0,1
,chicken cutlet pav,0,1
,goan sausage maska pav (pork),1,0
,thick cheesy masala fries,0,1
,toblerone mousse,1,0
,lagan nu custard,0,1
,spicy mushroon on khari,1,0
,bun maska,0,1
,masala ni chai,0,1
,prawn patio,1,0
,eggs kejriwal,0,1
,bombay rasta sandwich,1,0
,kanda bhaji,1,0
,kolmi fry,0,1
,aloo aunty's vegetable cutlet,1,0
,naan khatai( per piece),1,0
,shrewsbury biscuit( per piece),1,0
,bhendi bazaar seekh parantha,0,1
,chilli cheese pav,1,0
,otters club breakfast Aloo Parantha,1,0
,irani falooda,1,0
,bharuchi paneer akuri,1,0
,bacon keema macaroni(pork),0,1
,pheteli coffee,1,0
,parsi dairy farm kulfi,1,0
,bharuchi paneer akuri,1,0
,goan fish curry,0,1
,tardeo ac market mamaji's grill sandwich,1,0
,parsi mutton masala roast,0,1
,bheeda par eeda,0,1
,tomato cheese macaroni,1,0
,english pound cake,0,1
,parsi choy,1,0
,limbu soda,1,0
,six chillies chicken burger,0,1
,chicken wings,0,1
,banofee pie,1,0
,White Chocolate Mousse Paffe,1,0
,"Losk,Stock and Asmokin Barrel",1,0
,spicy chicken hot dog,0,1
,smoked lamb burger with buttered onion and chilli,0,1
,spiced bbq chicken & grilled pineapple salad,0,1
,smokeys style spaghetti,1,0
,smokeys style potato burger,1,0
,tenderloin burger with bacon,0,1
,Chicken Ravioli,1,0
,Dark Chocolate,1,0
,lamb kibbeh,0,1
,chicken makhani pizza,0,1
,garlic bread,1,0
,new york cheesecake,1,0
,paneer makhani pizza,1,0
,chicken alfredo pasta,0,1
,chicken tikka pizza,0,1
,White Sauce Pasta,1,0
,veggies delight,1,0
,vegetable  supreme pizza,1,0
,pepperoni pizza,0,1
,supreme pizza,0,1
,arrabbiata pasta,1,0
,pepperoni pizza,0,1
,spicy paneer pizza,1,0
,alfredo parmesan pasta,1,0
,fudge nut brownies,1,0
,Stromboli,1,1
,lemon iced tea,1,0
,blood orange lemonade,1,0
,Broccoli and Mushroom Stromboli,1,0
,chicken caesar salad,0,1
,greek salad,1,0
,mediterranean chickpea salad,0,1
,seafood salad,0,1
,dal makhani,1,0
,dahi ke kebab,1,0
,garlic naan,1,0
,Murgh Makhani,0,1
,lahori masala paneer,1,0
,butter naan,1,0
,tandoori roti,1,0
,murgh tandoori,0,1
,meat punjabi  by nature,0,1
,galouti kebab,0,1
,murgh malai kebab,0,1
,romali roti,1,0
,paneer makhani,1,0
,veg kebab platter,1,0
,besan di missi roti,1,0
,dal punjabi by nature,1,0
,kastoori kebab,1,0
,Raan e Punjab,0,1
,tandoori phool,1,0
,paneer tikka,1,0
,dal bukhara,1,0
,ghar ki dal,1,0
,butter chicken,0,1
,chilly chicken,0,1
,daal bukhara,1,0
,palak dahi ke kebab,1,0
,paneer lababdar,1,0
,murg lababdar,0,1
,murg malai kebab,0,1
,tandoori murg,0,1
,paneer butter masala,1,0
,malai kofta,1,0
,garlic naan,1,0
,chilly chicken,0,1
,chocolate truffle cake,1,0
,paneer tikka sandwich,1,0
,pasta in red arabiatta sauce,1,0
,french connection burger,1,0
,red velvet cake,1,0
,veggie crunch sandwich,1,0
,blueberry cheesecake,1,0
,choco brownie shake,1,0
,choco chip pastry,1,0
,malai paneer sandwich,1,0
,mr crust special pasta,1,0
,apple pie,1,0
,butterfly chicken,0,1
,chilli cheese dragons,1,0
,chicken burger,0,1
,gastro burger,0,1
,loaded nachos,1,0
,copper monkey,1,0
,mushroom bruschetta,1,0
,kheema bao,0,1
,devil fries,1,0
,mangaa,1,0
,chilli cheese dragons,1,0
,go green,1,0
,kung fu rolls,1,0
,iced tea,1,0
,loaded nachos,1,0
,butter chicken ,0,1
,flutterfly,1,0
,mojito,1,0
,dublin dram,1,0
,kingfisher draught 330 ml beer,1,0
,kala khata sulk,1,0
,ricotta & paneer kababs,1,0
,cherry pop a.k.a cp,1,0
,berry pulao,0,1
,the yakuza,0,1
,chicken chimichuri,0,1
,sangria,1,0
,mr. paneer sharma,1,0
,falafel sliders,1,0
,madras curry pasta,1,0
,lemon iced tea,1,0
,bang bang prawns,0,1
,ginger rogers,1,0
,watermelon mojito,1,0
,cold coffee,1,0
,bombay vada pav,1,0
,pao bhaaji cheesy grits,1,0
,dak bungalow chicken skewers,0,1
,peach ice tea,1,0
,chocolate dream cake,1,0
,red velvet doughnut,1,0
,double chocolate krunch,1,0
,world famous melt in your mouth doughnut,1,0
,hot chocolate,1,0
,cinnamon apple filled doughnut,1,0
,hand stretched garlic bread,1,0
,funghi woodman pizza,1,0
,olive & sun dried tomato tapenade,1,0
,marinara pizza,1,0
,chilli freak pizza,1,0
,homemade iced tea,1,0
,White Rocket Pizza,1,0
,Basil Pollo Pizza,0,1
,Stargazy Pizza,0,1
,Chicken Alla Diavola Pizza,0,1
,"Okra, Chilli & Lotus Root Fritti with green gpddess dippling sauce",1,0
,"Okra, Chilli & Lotus Root Fritti with green gpddess dippling sauce",1,0
,Fritto Misto,0,1
,courgette pomodoro pizza,1,0
,"Wild Mushroom Crostini, rocket, lemon & herbs",1,0
,Dahi ke Kebab,1,0
,Dal Makhni,1,0
,Rajasthani Lal Maas,0,1
,Chicken Tikka Biryani,0,1
,Hyderabadi Dum Gosht Biryani,0,1
,Gulati's Butter Chicken,0,1
,Makai Seekh,1,0
,Galouti Kebab,0,1
,Tandoori Murgh,0,1
,Moong Dal Cigar,1,0
,Paneer Tikka,1,0
,Mutton Handi Biryani,0,1
,Shahi Tukda,1,0
,Paneer Lababdar,1,0
,Veg Starter,1,0
,Naan/ Garlic,1,0
,mutton kebab,0,1
,spice market bhuna kukda,0,1
,Rogan Josh,0,1
,Gulab Jamun,1,0
,Paan Phirni,1,0
,Paneer bhare Papad with achari dip,1,0
,Murgh Lababdar,0,1
,Fish Tikka,0,1
,Naan/Butter,1,0
,Burah Akbari,0,1
,Rajma ke Shammi,1,0
,Papri Chaat,1,0
,Zafrani Dum Kebab,0,1
,Kadhai Paneer Masaledar,1,0
,Roomali Roti,1,0
,Fish Tikka,0,1
,Spice Market Phalsa Shikanji,1,0
,Kathal Pulao,1,0
,Gatta Curry,1,0
,Amritsari machhli,0,1
,Quinoa Bhel,1,0
,Kadak Papad Kebab,1,0
,Wild Mushroom Cappuccino,1,0
,Poached Red Wine Pear,1,0
,Espresso Pan Fried Chicken Breast,0,1
,Tandoori Quail,0,1
,Paand and Gulukand Mojito,1,0
,Wasabi Chicken Tikka,0,1
,Crispy Chicken Slider,0,1
,Alphonso Phirni,1,0
,Peri Peri Fish Tikka,0,1
,watermelon cooler,1,0
,Espresso Pan Fried Chicken Breast,0,1
,Chicken Casserole,0,1
,Chipotle Chicken,0,1
,Orange and Kaffir Lime Caprioska,1,0
,Alfredo Penne Pasta,1,1
,Electric Iced Tea,1,0
,Cranberry Chicken Salad,0,1
,Red Velvet Cake,1,0
,New York Style Cheese Cake,1,0
,Moist Chocolate Cake,1,0
,Carrot Cake,1,0
,Grilled Chicken with mustard and green peppercorn,0,1
,Full English Breakfast,0,1
,raunak dal,1,0
,tandoori chicken,0,1
,murgh malai tikka,0,1
,paneer tikka,1,0
,murgh makhani,0,1
,Kadhai Paneer,1,0
,tandoori chicken,0,1
,grilled fish with lemon butter,0,1
,grilled fish with lemon butter,0,1
,dal tadka,1,0
,murgh malai tikka,0,1
,crispy babycorn and mushroom in thai herbs ,1,0
,gosht awadhi biryani,0,1
,chilli paneer,1,0
,drool caesar,1,1
,Tandoori Roti,1,0
,Cheese Garlic Toast,1,0
,Veg Buffet,1,0
,Soup,1,0
,Soup,1,0
,Alfredo White Pasta,1,1
,Peri Peri Chicken Pizza,0,1
,Exotic Meat Lovers Pizza,0,1
,Traditional Veg Pizza,1,0
, Marinara Pasta,1,1
,Vegetarian Pesto Pasta,1,1
,Veg Pizza,1,0
,Cottage Cheese Ceasar Salad,1,1
,Roohafza Mojito,1,0
,Green Apple Mojito,1,0
,Hell Barbecue Chicken Pizza,0,1
,White Chocolate frappe,1,0
,Cajun Chicken Pizza,0,1
,Traditional Magherita Pizza,1,0
,Classic Mojito,1,0
,Morrocan Lamb Pizza,0,1
,Nutella Calzone,1,0
,Mediterranean Lamb Pizza,0,1
,Paneer Tikka Pizza,1,0
,Grilled basa fish,0,1
,Veg Boscaiola Pizza,0,1
,Makhani Dal ,1,0
,Galouti Kebab,0,1
,Dahi ke Kebab,1,0
,Nihari,0,1
,Murg Shekhawati,0,1
,Biryani,1,1
,Naan Lahsuni,1,0
,Surkh Murg Tikka Islamabad,0,1
,Chooza Makhani,0,1
,Deghi Mirch ka Paneer Tikka,1,0
,Lahsooni Palak ke Kofte,1,0
,Murg Zafrani Shorba,0,1
,Khameeri Roti,1,0
,Malai Broccoli,1,0
,Amritsari Tali Machchi,0,1
,Kulhad Chai,1,0
,Desi Chai,1,0
,Keema Pav,0,1
,Vada Pav,1,0
,Silican Chicken Sandwich,0,1
,Bun Maska,1,0
,Honey Ginger Lemon Tea,1,0
,Bun Bhujia,1,0
,Masala Chai,1,0
,Aam Papad Chai,1,0
,Lemon Iced Tea,1,0
,Passion Fruit iced Tea,1,0
,Chocolate Bun,1,0
,Lemon Green Tea,1,0
,Egg Bun,0,1
,Spinach Corn Cheese Sandwich,1,0
,Cold Coffee,1,0
,Shanghai Chicken Pizza,0,1
,Chilli Chicken Burger,0,1
,Cold Coffee,1,0
,Honey Chilli Potato,1,0
,Baked Veg Momos,1,1
,our classic burger,1,0
,Mumbaiyya Vada Pav,1,0
,American Breakfast,0,1
,Banarasi Kachori,1,0
,Patna's Litti Chokha Ghughani,1,0
,English Breakfast,0,1
,Kanpur's Desi Adrak Chai,1,0
,Bombay Sandwich,1,0
,Banarasi Kachori,1,0
,Wanderlust Special Chilled Coffee,1,0
,Wanderlust Special Hot Chocolate,1,0
,malabar parota,1,0
,Andra Chicken Curry,0,1
,mutton sukka,0,1
,malabar fish curry,0,1
,Vegetarian  Thali,1,0
,chicken chettinad,0,1
,appam,1,0
,Chettind Chicken,0,1
,Zambar Gunpowder Prawns,0,1
,South Indian filter Coffee,1,0
,malabar chicken biryani,0,1
,dahi vada,1,0
,masala vada,1,0
,Neer Dosa,1,0
,malabar parota,1,0
,Malabar Prawn Curry,0,1
,Coconut Jaggery Pudding,1,0
,Coastal Biryani,0,1
,murg makhan wala,0,1
,dal makhani,1,0
,paneer tikka masala,1,0
,chilli chicken,0,1
,paneer tikka masala,1,0
,Kaymi Kai,0,1
,murg tikka masala,0,1
,Tandoori Murgh,0,1
,spicy kung pao chicken,0,1
,chilly garlic,1,1
,desi ghee ki chicken curry,0,1
,Pepper Chicken,0,1
,hakka noodles,1,1
,double spicy fish,0,1
,lemon fish,0,1
,virgin mojito,1,0
,hot and sour soup,1,0
,salli boti,0,1
,kheema pattice,0,1
,paatra ni macchi,0,1
,caramel custard,0,1
,dhan sak(mutton),0,1
,lagan nu custard,0,1
,parsli rotli,1,0
,pallonji's soda raspberry,1,0
,rustam's ginger fizz,1,0
,kolmi no pulao,0,1
,Keema Pattice,0,1
,malai na paratha,1,0
,chicken vindaloo,0,1
,murghi na farcha,0,1
,jardaloo murghi ma salli,0,1
,soya pattice,1,0
,murghi na farcha,0,1
,kolmi no pulao,0,1
,bheeda par eedu,0,1
,kaaju ni marghi,0,1
,Keema Pattice,0,1
,Steamed Basmati Rice,1,0
,crispy honey chilli,1,1
,khao suey,1,1
,Chicken Satay with Peanut Sauce,0,1
,khao suey,1,1
,hawker style fried rice,1,1
,crispy basil leaf chicken,0,1
,house spring rolls,1,1
,darsaan,1,0
,pad thai,1,1
,chicken sui mai,0,1
,thai green curry,1,1
,mocha icecream with chocolate fudge,1,0
,bi-bim bap,1,1
,thai red curry ,1,1
,Sticky Rice,1,0
,basil leaf soup,1,1
,yam sam-o,0,1
,gai yang,0,1
,molten chocolate cake,1,0
,Blueberry Cheese Cake,0,0
,beetroot  and goatcheese salad,1,0
,Warm Chicken Ceasar Salad,0,1
,Dal made in Punjab,1,0
,Murgh Makhani,0,1
,Murgh Malai Tikka,0,1
,Tandoori Murgh,0,1
,Paneer tikka  ,1,0
,Kadhai Paneer,1,0
,Paneer Tikka Lababdar,1,0
,Railway Mutton Curry,0,1
,Papdi Chat,1,0
,Garlic Naan,1,0
,Nizami Tarkari Biryani,0,1
,Beetroot Di Tikki,1,0
,Flambeed Gulab Jamun,1,0
,moong dal halwa,1,0
,Galouti Kebab,0,1
,Malai Kofta,1,0
,Mutton seekh kebab,0,1
,Paneer Tikka Lababdar,1,0
,Mirchi Tandoori Parantha,1,0
,Pindi Chole,1,0
,Amritsari Kulcha,1,0
,Paneer Makhani,1,0
,Paani de Patashe,1,0
,Pudina Tandoori Parantha,1,0
,Kadhai Paneer,1,0
,Palak Patta Chaat,1,0
,Tandoori Roti,1,0
,Murgh Dum Biryani,0,1
,Murgh Makhani,0,1
,Non Veg Platter,0,1
,Butter Naan,1,0
,Aam Panna,1,0
,Amritsari Macchi,0,1
,Sarson da Saag,1,0
,Amritsari Kulcha,1,0
,Crispy Jalebi,1,0
,Dahi Kebab,1,0
,Mushroom Da Shorba,1,0
,Home Style Chicken Curry,0,1
,Tandoori Mushroom,1,0
,Murgh Malai Tikka,0,1
,Keema Kulcha,0,1
,Neembu Paani,1,0
,Subz Galouti,1,0
,Makkai De Roti,1,0
,Dal made in Punjab,1,0
,mexican rice cooked with tomato puree and vegetables,1,0
,lomo de huachinango con salsa veracruzana,0,1
,quesadillas(chicken),0,1
,tostadas,1,1
,el mazateno,0,1
,pollo ranchero,0,1
,Cochinita Pibil,0,1
,pato con reduccion de balsamico,0,1
,quinoa y trejoles negros,1,1
,teppanyaki chicken in hot basil sauce,0,1
,mixed vegetable fried rice ,1,0
,kylin special fried ice cream spring rolls,1,0
,steamed sticky rice,1,0
,grilled pomfret in mustard sauce,0,1
,yasai miso soup,1,0
,prawn tempura,0,1
,Date Roll,1,0
,crispy baby potato with crushed black pepper and bean sprouts,1,0
,chicken teriyaki,0,1
,som tam,1,0
,moong dal halwa,1,0
,dal baati churma,1,0
,special gutta curry ,1,0
,marwari thali ,1,0
,ker sanger,1,0
,bajra roti,1,0
,shikanji,1,0
,bikaneri paratha,1,0
,chaach,1,0
,rajasthani kadhi,1,0
,wafer thin pizzas,1,1
,Philly cheese steak,1,0
,deli bbq chicken burger,0,1
,deli roast chicken,0,1
,beef tenderlion,0,1
,chocolate mud cake,1,0
,ham or turkey and swiss cheese sandwich,0,1
,philly cheese steak,0,1
,philly cheese steak,0,1
,tenderlion burger with the works and wicked sauce,0,1
,chorizo and scamorza pizza,0,1
,citrus salad,1,0
,Creme Brulee,1,0
,seriously garlic bread,1,0
,chorizo and scamorza pizza,0,1
,cheese fondue,1,0
,egg benedict,0,1
,parma ham pizza,0,1
,quiche,0,1
,deli bbq pork ribs,0,1
,caesar salad ,1,1
,fish and chips ,0,1
,seriously sloppy joe,0,1
,fat lulu's vegetarian pizza,1,0
,the soho,0,1
,hudson garlic bread,1,0
,bbq chicken wings,0,1
,chelsea pizza,0,1
,broadway pizza,1,0
,heisenberg pizza,0,1
,own pizza,1,1
,smoking room,0,1
,tijuana,1,0
,hot spot pizza,1,1
,the boss pizza,0,1
,piggy bank pizza ,0,1
,spicy chicken,0,1
,garlic bread ,1,0
,Zerzura Veg Mezze Platter,1,0
,Baklava with hot pistachio Ice-cream,1,0
,chelo kebab,0,1
,M'hanncha with cinnamon ice cream,1,0
,Fresh greek pita sandwich ,1,0
,Stairway to Heaven Cold Coffee,1,0
,Sultan of swings Turkish Chicken,0,1
,Grilled chicken sandwich,0,1
,I want to break free butter chicken Pizza,0,1
,You are beautiful Hawaiian Pizza,1,0
,Sweet emotion chocolate walnut brownie,1,0
,November Rain mojito,1,0
,Rock 'n' Roll Kit Kat shake,1,0
,We are the champion baked nachos,1,0
,I want it all Arabiatta- Pasta,1,0
,Hotel California Chilly Chicken,0,1
,red velvet cake,1,0
,Classic Honey Chilli potato,1,0
,Veg Fried Rice,1,0
,Classic Chilli Chicken,1,1
,chilly garlic noodles,1,0
,Chicken fried noodles with Chinese sausage,0,1
,hakka noodles,1,1
,chicken malai tikka,0,1
,Butter chicken,0,1
,dahi kabab,1,0
,moong dal halwa,1,0
,dal makhani,1,0
,shahi paneer,1,0
,mutton roganjosh,0,1
,pudeena paratha,1,0
,tandoori rotis,1,0
,methi chicken,0,1
, lachha paratha,1,0
,paneer tawa masala,1,0
,garlic naan,1,0
,chicken lababdar,0,1
,fish tikka,0,1
,phirni,1,0
,subzi moong seekh kabab,1,0
,paneer tikka,1,0
,chocolate pudding,1,0
,Fruit Salad,1,0
,chocolate truffle pastry,1,0
,belgium chocolate cake,1,0
,blue berry cheesecake pastry,1,0
,red velvet pastry,1,0
,Chilly Chicken Croissant,0,1
,Belgium chocolate pastry,1,0
,Original Chicken Patty,0,1
,chicken shawarma,0,1
,Creamy Chicken lollypop,0,1
,chilly chicken,0,1
,honey chilly potato,1,0
,Ramly Chicken/Paneer Burger,1,1
,Chicken Orley,0,1
,Tandoori Chicken sandwich,0,1
,galouti kebab,0,1
,paneer tikka,1,0
,Sabz galouti kabab,0,1
,gulab jamun,1,0
,tandoori roti,1,0
,murgh tikka,0,1
,Bhuna murgh Tikka,0,1
,machii tikka,0,1
,lagan ki chop,1,0
,Spicy Chicken Tikka,0,1
,kadhai chicken boneless,0,1
,dal makhni,1,0
,gulab jamun,1,0
,butter naan,1,0
,paneer tikka,1,0
,Matka chicken biryani,0,1
,garlic naan,1,0
,kadhai paneer,1,0
,The Chowk special Kebab platter,1,1
,tandoori Murgh,0,1
,dahi ke kabab,1,0
,hara kabab,1,0
,chicken banno kabab,0,1
,rara gosht,0,1
,paneer Makhani,1,0
,garlic bread,1,0
,banoffee pie,1,0
,calabrese pizza,0,1
,"Dough balls ""Pizza Express""",1,0
,etna pizza,0,1
,polpette,0,1
,cheese cake,1,0
,goat's cheese salad,0,1
,pollo forza pizza,0,1
,Red Italian Gelato,1,0
,giardiniera pizza,1,0
,Pollo pesto baked pasta,0,1
,affumicato pizza,0,1
,berry fresca,1,0
,Tagliatelle pollo bolognese pasta,0,1
,penne siciliana pasta,1,0
,tiramisu,1,0
,chur chur paranthas(veg),1,0
,dal makhmali,1,0
,sharabi parantha,1,0
,dahi ke kebab,1,0
,aloo paratha,1,0
,murgh musallam,0,1
,makhmali murgh,0,1
,njp special egg paratha,0,1
,chur chur paranthas,0,1
,rabri parantha,1,0
,chicken tikka parantha,0,1
,chicken keema,0,1
,paan kulfi,1,0
,chilly chicken,0,1
,honey chilli potatoes,1,0
,fried rice ,1,1
,chilli garlic noodles ,1,1
,shredded chicken ,0,1
,dahi ke sholay,1,0
,mystery dal,1,0
,crispy honey chilly potato,1,0
,butter naan,1,0
,tandoori chicken,0,1
,garlic bread ,1,0
,chocolate truffle cake,1,0
,red velvet muffin,1,0
,grilled veg cheese sandwich,1,0
,roasted tikki cheese burger,1,0
,iced tea,1,0
,mutton kasha,0,1
,aloo posto,1,0
,dhokar dalna,1,0
,aloo bhaja,1,0
,rehu kalia,0,1
,chicken kasha,0,1
,chingri malai curry,0,1
,special thali,1,0
,plain rice,1,0
,Maa Tara special thali,1,1
,moong dal,1,0
,Aloo bhaja,1,0
,chicken biryani,0,1
,mutton biryani,0,1
,luchi (poori),1,0
,mishti doi,1,0
,pabdar sarisa,0,1
,macher matha,0,1
,veg thaali,1,0
,pabdar jhol,0,1
,cholar dal,1,0
,pan fried calamari,0,1
,crème brulee of the week,1,0
,valrhona dark chocolate mousse,1,0
,Pistachio crusted chicken liver parfait and port wine reduction,0,1
,lamb confit with red onion jam and glazed vegetables,0,1
,Pistachio crusted chicken liver parfait and port wine reduction,0,1
,Bistro soup,1,0
,fillet steak with french fries or salad,0,1
,bistro's fish,0,1
,chicken breast sandwich,0,1
,royal chocolate,1,0
,mille feuille,1,0
,almond croissant,1,0
,raspberry mousse,1,0
,Paris best pastry ,1,0
,salted caramel macaroon,1,0
,opera pastries,1,0
,chocolate croissant,1,0
,bbq chicken burger,0,1
,veggie veg burger,1,0
,bbq chicken steak,0,1
,white cheesy sauce pasta,1,1
,garlic bread,1,0
,grilled fish steak,0,1
,country fried chicken burger,0,1
,chicken schnitzel steak,0,1
,grilled chicken stuffed cheese,0,1
,mushroom chicken steak,0,1
,kuzart special lamb burger,0,1
,grilled cottage cheese steak,1,0
,the veggie veg hulk burger,1,0
,home made peri peri sauce,1,0
,grilled cottage cheese burger,1,0
,home made peri peri chicken burger,0,1
,chicken tikka roll,0,1
,mutton seekh roll,0,1
,veg paneer tikka roll,1,0
,roomali roti,1,0
,chicken haryali roll,0,1
,mutton tikka,0,1
,mutton tikka roll,0,1
,fish tikka,0,1
,zinger chicken burger,0,1
,hot wings,0,1
,rice bowlz,1,1
,chicken popcorn,0,1
,dal dhungaar,1,0
,vanilla crème brulee,1,0
,paneer tikka,1,0
,crispy chicken with mayo,0,1
,RUM & cream cheese pasta,1,1
,chilli potato,1,0
,choclate bomb,1,0
,crispy chicken with mayo,0,1
,cheese garlic bread,1,0
,classic mojito,1,0
,pesto cream pasta ,1,1
,chilli paneer,1,0
,cheese cake,1,0
,chilli chicken,0,1
,Rum & Cream Cheese Pasta,1,1
,Grilled Chicken Pesto Pizza,0,1
,Arrabiata Pasta,1,1
,Basil Chicken,0,1
,Nachos ,1,0
,Chilly Garlic Noodles,1,1
,Strawberry Margarita,1,0
,Black Rice California Roll,1,0
,Guppy Signature Pork Belly,0,1
,Garlic Fried Rice,1,0
,Tiger Prawn Tempura,0,1
,Grilled Chicken Breast,0,1
,Chicken Karaage,0,1
,Prawn Gyoza,0,1
,Exotic Mushroom Gyoza,1,0
,Miso Soup,0,1
,Mushroom Suimono,1,0
,Chashu Ramen (Shoyu or Miso),0,1
,Udon Noodles,1,1
,Guppy House Salad,1,0
,Green Tea,1,0
,Guppy Signature Black Cod,0,1
,Chicken Karaage,0,1
,Crisp Vegetable Harumaki,1,0
,Red Velvet Cake,1,0
,Grilled Jumbo Prawn,0,1
,Steamed Rice,1,0
,Exotic Teppanyaki Vegetables,1,0
,Warm Apple and Prune Pie,1,0
,Spicy Salmon Roll,0,1
,London Doner Kebab ,1,1
,Factory SplChicken Tambaki,0,1
,Factory Style Dry Chilly Chicken,0,1
,Daal E Makhani,1,0
,Butter Chicken ,0,1
,Factory Spl Peri Peri Chicken Pizza,0,1
,Duo of Mutton Seekh Kebab - Kadak/ Lakhnavi,0,1
,Coconut Caramel Custard,1,0
,melon melange,1,0
,Jamaican Jerk Chicken with Gnocchi,0,1
,Brazillian Garlic Marinade Fish & Rice,0,1
,Vegetables in BBQ Sauce & Mexican Rice,1,0
,Chicken Tandoori,0,1
,Chocolate Fondant,0,1
,Bomb Alaska,1,0
,Amritsari Fried Fish,0,1
,Crème Brulee,1,0
,Fish Tandoori,0,1
,Fish Fry,0,1
,Mutton Korma,0,1
,Chicken Malai Tikka,0,1
,Egg pakora,0,1
,Mutton Seekh Kebab,0,1
,Chicken Tandoori,0,1
,Roomali Roti,1,0
,Mutton Tikka,0,1
,Karamchari Kadhai Paneer,1,0
,Paneer Butter Masala,1,0
,Hot Coffee,1,0
,Fried Rice,1,1
,Fayian Chicken,0,1
,Chilli Garlic Noodles,1,1
,Chicken Pepper Salt,0,1
,Chicken Singapore/ Sweet Sour,0,1
,Kung Pao Chicken,0,1
,Honey Chicken,0,1
,Clear Wonton Soup,1,1
,Chopsuey American,1,1
,Hot & Sour Soup,1,1
,Channa Bhatura,1,0
,Dahi Bhalla,1,0
,Shahi Paneer,1,0
,Parantha Malabari/ South Indian,1,0
,Mangalorian Chicken Curry,0,1
,Crab Masala Fry,0,1
,Mutton Pepper Fry,0,1
,Chicken Thaal,0,1
,Paneer Tikka ,1,0
,Dal Makhani,1,0
,Fish Puli Munchi,1,0
,Virgin Mojito,1,0
,Mangalorian Chicken Curry,0,1
,Murg Makhanwala,1,0
,Appam,1,0
,Vegetable Stew,1,0
,Chicken Stew,0,1
,Cold Coffee,1,0
,Chicken Sandwich,0,1
,Cheese (Paneer) Ball,1,0
,Hazelnut Cold Coffee,1,0
,Chicken Patty,0,1
,Paneer Tikka Sandwich,1,0
,Mocha Cold Coffee,1,0
,Hazelnut Cold Coffee,1,0
,Khameeri Roti,1,0
,Makhani Dal,1,0
,Murg Tikka Lababdar,0,1
,Dal Sultani,1,0
,Nizami Tarkari Biryani,0,1
,Deghi Mirch ka Paneer Tikka,1,0
,Amritsari Tali Machchi,0,1
,Laal Maas,0,1
,Chili Chicken Dry,0,1
,Fried Rice,1,1
,Diced Chicken BBQ & Pepper,0,1
,Hakka Noodles,1,1
,Vegetable Spring Rolls,1,0
,Potato Honey Chili Dry,1,0
,Sweet Corn Soup,1,1
,Diced Chicken BBQ & Pepper,0,1
,Dry Vegetable Manchurian,1,0
,Tandoori Chicken,0,1
,Khamiri Roti,1,0
,Afgani Chicken,0,1
,Butter Chicken,0,1
,Chicken Korma,0,1
,Chicken Fry,0,1
,Rumali Roti,1,0
,Mutton Korma,0,1
,Chicken Korma,0,1
,Mutton Nehari,0,1
,Tandoori Chicken Wheat Momos,0,1
,Chicken Garlic Sandwich,0,1
,Chicken Shawarma,0,1
,Tandoori Chicken Wheat Momos,0,1
,Angry Chicken Sandwich,0,1
,Pizza N' Cheese Sandwich,1,0
,Bihari Gosht Burger,0,1
,White Guy Mutton Burger,0,1
,Nani's Rajma Burger,1,0
,Achari Mutton Burger,0,1
,Moroccan Fries,1,0
,Hot Shock Fries,1,0
,Potato Crunch Burger,1,0
,Falafel Bomb Burger,1,0
,Chicken Steak Meal,0,1
,Chicken Sandwich,0,1
,Chocolate Truffle Cake ,1,0
,Mix Fruit Gateaux,1,0
,Chicken Stroganoff,0,1
,Chicken Burger,0,1
,Chicken Quiche,0,1
,Bar be que Chicken,0,1
,Sweet Chilly Chicken,0,1
,White Sauce Pasta,1,0
,Cold Coffee,1,0
,Cheese Stuffed Garlic Bread,1,0
,Oreo Shake,1,0
,Paneer Grill Sandwich,1,0
,Pasta Sauce Maggi,1,0
,Cheese Maggi,1,0
,Pasta Sauce Maggi,1,0
,Punjabi Pasta,1,0
,Bhathura with Chana,1,0
,Gulabjamun,1,0
,Golgappa Sooji/Atta,1,0
,Papri Chaat,1,0
,Kulfi Falooda,1,0
,Aloo Tikki with Chana,1,0
,Raj Kachori ,1,0
,Dal Makhani,1,0
,Pao Bhaji,1,0
,Gajar ka Halwa,1,0
,Masala Dosa,1,0
,Basil Chicken,0,1
,Non Veg Platter,0,1
,Garlic Bread,1,0
,Minestrone Soup,1,0
,Chicken Supreme ,0,1
,Alfredo Pasta,1,0
,Ella Bella Pizza,1,0
,Chilli Garlic Noodles,1,1
,Fried Rice,1,1
,Fish Red & Green Chilli,0,1
,Amritsari Kulcha Thali,1,0
,Malai Kofta,1,0
,Dal Makhni,1,0
,Chocolate Chunk Muffin,0,1
,Portioned Cream Cheese,1,0
,Iced Tea,1,0
,Red Velvet Cupcake,1,0
,Chicken & Swiss Sandwich,0,1
,Tuna Melt Sandwich,0,1
,Orange Juice,1,0
,Chicken Soup,0,1
,Grilled Chicken Burrito,0,1
,Peri Peri Mac & Cheese Pasta,1,0
,Chocolate Chunk Cookie,0,1
,Blueberry Muffin,0,1
,Chocolate Croissant,1,0
,Murg Afgani,0,1
,Murg Afgani,0,1
,Chicken Biryani,0,1
,Butter Chicken,0,1
,Daal Makhni,1,0
,Chicken Tikka,0,1
,Keema Biryani,0,1
,Shahi Paneer,1,0
,Ravioli di Aragosta,0,1
,Affumicato Pizza di Pollo,0,1
,Tiramisu,1,0
,Souffle alla Gorgonzola,1,0
,Fondente al Cioccolato,1,0
,Pollo Alla Griglia,0,1
,Ravioli di Zucca con Gorgonzola,1,0
,Affumicato Pizza di Pollo,0,1
,Scaloppine di Pollo,0,1
,Minestrone Soup,1,0
,Weiss Bier (Wheat Beer),1,0
,Chicken Tikka ,0,1
,Dahi Papad ke Kebab,1,0
,Schwarzbier (Dark),1,0
,Amber Red Beer,1,0
,Chicken 65,0,1
